"hospital_id","service_id"
"1","1"
"1","2"
"1","3"
"1","6"
"1","7"
"1","8"
"1","10"
"1","11"
"1","12"
"1","13"
"1","14"
"1","15"
"1","16"
"1","18"
"1","21"
"2","2"
"2","3"
"2","4"
"2","6"
"2","7"
"2","8"
"2","17"
"2","19"
"3","2"
"3","3"
"3","4"
"3","5"
"3","8"
"3","12"
"3","16"
"3","20"
"4","1"
"4","3"
"4","9"
"4","10"
"4","11"
"4","14"
"4","17"
"4","19"
"5","1"
"5","3"
"5","4"
"5","5"
"5","6"
"5","7"
"5","8"
"5","10"
"5","12"
"5","14"
"5","15"
"5","16"
"5","17"
"5","19"
"5","21"
"6","1"
"6","3"
"6","7"
"6","10"
"6","12"
"6","13"
"6","15"
"6","17"
"7","1"
"7","3"
"7","5"
"7","6"
"7","8"
"7","9"
"7","11"
"7","12"
"7","14"
"7","15"
"7","17"
"7","18"
"7","19"
"7","20"
"7","21"
"8","1"
"8","3"
"8","4"
"8","6"
"8","7"
"8","8"
"8","9"
"8","10"
"8","11"
"8","12"
"8","13"
"8","14"
"8","18"
"8","20"
"8","21"
"9","1"
"9","7"
"9","11"
"9","12"
"9","13"
"9","16"
"9","17"
"9","20"
"10","1"
"10","3"
"10","7"
"10","9"
"10","12"
"10","13"
"10","15"
"10","17"
"11","3"
"11","4"
"11","9"
"11","11"
"11","12"
"11","13"
"11","14"
"11","17"
"11","18"
"11","19"
"11","20"
"11","21"
"12","1"
"12","2"
"12","3"
"12","5"
"12","8"
"12","9"
"12","10"
"12","11"
"12","12"
"12","13"
"12","14"
"12","15"
"12","19"
"12","20"
"12","21"
"13","2"
"13","3"
"13","4"
"13","5"
"13","7"
"13","8"
"13","10"
"13","11"
"13","12"
"13","13"
"13","14"
"13","17"
"13","18"
"13","19"
"13","20"
"14","1"
"14","2"
"14","3"
"14","4"
"14","5"
"14","7"
"14","8"
"14","10"
"14","11"
"14","13"
"14","14"
"14","15"
"14","17"
"14","19"
"14","21"
"15","1"
"15","4"
"15","6"
"15","8"
"15","9"
"15","10"
"15","18"
"15","21"
"16","3"
"16","4"
"16","10"
"16","11"
"16","15"
"16","16"
"16","18"
"16","19"
"17","7"
"17","18"
"17","19"
"18","5"
"18","10"
"18","11"
"18","12"
"18","13"
"18","14"
"18","15"
"18","20"
"19","2"
"19","4"
"19","6"
"19","7"
"19","8"
"19","9"
"19","10"
"19","11"
"19","14"
"19","17"
"20","5"
"20","18"
"20","20"
"20","21"
"21","1"
"21","3"
"21","4"
"21","6"
"21","7"
"21","10"
"21","11"
"21","12"
"21","13"
"21","15"
"21","16"
"21","17"
"21","19"
"21","20"
"21","21"
"22","4"
"22","5"
"22","7"
"22","8"
"22","9"
"22","14"
"22","17"
"22","18"
"23","1"
"23","2"
"23","3"
"23","4"
"23","5"
"23","6"
"23","9"
"23","10"
"23","11"
"23","13"
"23","14"
"23","15"
"23","16"
"23","17"
"23","18"
"23","19"
"23","20"
"23","21"
"24","1"
"24","4"
"24","6"
"24","9"
"24","10"
"24","11"
"24","12"
"24","13"
"24","14"
"24","15"
"24","19"
"24","20"
"25","1"
"25","9"
"25","11"
"25","14"
"25","15"
"25","21"
"26","1"
"26","3"
"26","4"
"26","9"
"26","12"
"26","13"
"26","14"
"26","15"
"26","18"
"26","19"
"27","2"
"27","3"
"27","5"
"27","6"
"27","7"
"27","8"
"27","9"
"27","10"
"27","11"
"27","14"
"27","15"
"27","16"
"27","19"
"27","20"
"27","21"
"28","1"
"28","2"
"28","3"
"28","4"
"28","9"
"28","12"
"28","13"
"28","15"
"28","16"
"28","18"
"28","19"
"28","20"
"29","4"
"29","5"
"29","6"
"29","7"
"29","8"
"29","12"
"29","13"
"29","18"
"29","19"
"29","21"
"30","6"
"30","9"
"30","10"
"30","12"
"30","15"
"30","16"
"30","17"
"30","18"
"31","1"
"31","2"
"31","3"
"31","4"
"31","7"
"31","9"
"31","11"
"31","13"
"31","14"
"31","15"
"31","17"
"31","18"
"31","19"
"31","20"
"31","21"
"32","1"
"32","5"
"32","6"
"32","8"
"32","13"
"32","15"
"32","16"
"32","17"
"33","1"
"33","2"
"33","3"
"33","5"
"33","6"
"33","7"
"33","8"
"33","9"
"33","11"
"33","12"
"33","13"
"33","14"
"33","16"
"33","17"
"33","18"
"33","19"
"33","20"
"33","21"
"34","12"
"34","15"
"34","20"
"35","1"
"35","2"
"35","3"
"35","4"
"35","5"
"35","6"
"35","8"
"35","9"
"35","10"
"35","11"
"35","12"
"35","13"
"35","14"
"35","15"
"35","16"
"35","18"
"35","19"
"35","21"
"36","1"
"36","2"
"36","3"
"36","4"
"36","6"
"36","7"
"36","8"
"36","9"
"36","10"
"36","11"
"36","12"
"36","13"
"36","14"
"36","16"
"36","18"
"36","19"
"36","20"
"36","21"
"37","1"
"37","2"
"37","3"
"37","4"
"37","5"
"37","6"
"37","7"
"37","8"
"37","9"
"37","11"
"37","12"
"37","13"
"37","14"
"37","15"
"37","16"
"37","17"
"37","19"
"37","20"
"38","1"
"38","7"
"38","10"
"38","12"
"38","14"
"38","15"
"38","17"
"38","18"
"39","1"
"39","2"
"39","3"
"39","4"
"39","5"
"39","6"
"39","8"
"39","9"
"39","10"
"39","11"
"39","12"
"39","14"
"39","15"
"39","16"
"39","17"
"40","1"
"40","2"
"40","4"
"40","6"
"40","7"
"40","8"
"40","9"
"40","10"
"40","11"
"40","12"
"40","14"
"40","15"
"40","16"
"40","19"
"40","20"
"41","1"
"41","5"
"41","7"
"41","8"
"41","9"
"41","12"
"41","14"
"41","15"
"41","16"
"41","17"
"41","19"
"41","21"
"42","21"
"43","5"
"43","20"
"44","2"
"45","6"
"45","15"
"46","10"
"46","12"
"46","16"
"47","8"
"47","10"
"47","20"
"48","13"
"49","5"
"49","10"
"49","19"
"49","20"
"49","21"
"50","3"
"50","6"
"50","14"
"50","18"
"51","1"
"51","3"
"51","4"
"51","5"
"51","6"
"51","7"
"51","8"
"51","9"
"51","12"
"51","14"
"51","16"
"51","18"
"51","19"
"51","20"
"51","21"
"52","3"
"52","4"
"52","6"
"52","7"
"52","10"
"52","11"
"52","12"
"52","14"
"52","15"
"52","16"
"52","17"
"52","21"
"53","2"
"53","3"
"53","4"
"53","5"
"53","6"
"53","7"
"53","8"
"53","9"
"53","10"
"53","11"
"53","13"
"53","14"
"53","15"
"53","16"
"53","17"
"53","18"
"53","19"
"53","20"
"54","6"
"54","7"
"54","9"
"54","11"
"54","13"
"54","15"
"54","20"
"54","21"
"55","1"
"55","3"
"55","4"
"55","6"
"55","8"
"55","10"
"55","13"
"55","16"
"55","19"
"56","1"
"56","8"
"56","9"
"56","15"
"57","4"
"57","8"
"57","12"
"57","13"
"57","15"
"57","16"
"58","1"
"58","4"
"58","5"
"58","6"
"58","7"
"58","9"
"58","10"
"58","12"
"58","15"
"58","17"
"58","20"
"58","21"
"59","4"
"59","5"
"59","6"
"59","9"
"59","10"
"59","12"
"59","13"
"59","21"
"60","2"
"60","4"
"60","7"
"60","8"
"60","10"
"60","21"
"61","2"
"61","3"
"61","4"
"61","5"
"61","6"
"61","7"
"61","9"
"61","10"
"61","13"
"61","14"
"61","15"
"61","16"
"61","19"
"61","20"
"61","21"
"62","1"
"62","2"
"62","4"
"62","5"
"62","6"
"62","9"
"62","15"
"62","21"
"63","2"
"63","3"
"63","4"
"63","5"
"63","7"
"63","8"
"63","9"
"63","10"
"63","12"
"63","13"
"63","15"
"63","16"
"63","17"
"63","20"
"63","21"
"64","1"
"64","2"
"64","3"
"64","7"
"64","11"
"64","13"
"64","16"
"64","17"
"65","1"
"65","2"
"65","5"
"65","6"
"65","10"
"65","11"
"65","17"
"65","20"
"66","1"
"66","3"
"66","4"
"66","5"
"66","6"
"66","7"
"66","10"
"66","11"
"66","12"
"66","13"
"66","14"
"66","15"
"66","16"
"66","17"
"66","18"
"66","19"
"66","20"
"66","21"
"67","1"
"67","2"
"67","3"
"67","4"
"67","5"
"67","6"
"67","8"
"67","9"
"67","11"
"67","12"
"67","13"
"67","14"
"67","15"
"67","16"
"67","17"
"67","18"
"67","20"
"67","21"
"68","1"
"68","2"
"68","3"
"68","4"
"68","5"
"68","6"
"68","7"
"68","8"
"68","9"
"68","10"
"68","12"
"68","13"
"68","14"
"68","15"
"68","16"
"68","17"
"68","18"
"68","19"
"69","1"
"69","2"
"69","3"
"69","4"
"69","5"
"69","6"
"69","8"
"69","9"
"69","10"
"69","11"
"69","12"
"69","13"
"69","14"
"69","15"
"69","16"
"69","18"
"69","19"
"69","21"
"70","1"
"70","3"
"70","4"
"70","5"
"70","6"
"70","7"
"70","9"
"70","10"
"70","11"
"70","12"
"70","13"
"70","14"
"70","15"
"70","16"
"70","17"
"70","18"
"70","19"
"70","21"
"71","1"
"71","2"
"71","4"
"71","7"
"71","8"
"71","9"
"71","10"
"71","11"
"71","12"
"71","15"
"71","16"
"71","17"
"71","19"
"71","20"
"71","21"
"72","1"
"72","2"
"72","4"
"72","5"
"72","6"
"72","8"
"72","9"
"72","10"
"72","14"
"72","15"
"72","17"
"72","19"
"73","4"
"73","5"
"73","8"
"73","10"
"73","11"
"73","12"
"73","14"
"73","15"
"73","17"
"73","20"
"74","1"
"74","2"
"74","3"
"74","4"
"74","6"
"74","7"
"74","8"
"74","9"
"74","10"
"74","11"
"74","12"
"74","13"
"74","14"
"74","15"
"74","17"
"74","19"
"74","20"
"74","21"
"75","1"
"75","2"
"75","3"
"75","4"
"75","7"
"75","10"
"75","12"
"75","13"
"75","14"
"75","17"
"75","19"
"75","21"
"76","1"
"76","14"
"76","15"
"76","17"
"76","19"
"77","5"
"77","7"
"77","9"
"77","12"
"77","14"
"77","16"
"77","17"
"77","18"
"78","1"
"78","2"
"78","5"
"78","6"
"78","7"
"78","10"
"78","14"
"78","17"
"78","19"
"78","20"
"79","1"
"79","3"
"79","4"
"79","7"
"79","8"
"79","9"
"79","10"
"79","17"
"79","20"
"79","21"
"80","1"
"80","2"
"80","3"
"80","4"
"80","5"
"80","6"
"80","7"
"80","9"
"80","10"
"80","17"
"80","19"
"80","20"
"81","1"
"81","2"
"81","3"
"81","5"
"81","6"
"81","7"
"81","8"
"81","9"
"81","10"
"81","11"
"81","12"
"81","13"
"81","14"
"81","18"
"81","20"
"82","1"
"82","2"
"82","4"
"82","8"
"82","10"
"82","13"
"82","17"
"82","20"
"83","2"
"83","3"
"83","4"
"83","8"
"83","10"
"83","11"
"83","12"
"83","13"
"83","14"
"83","15"
"83","16"
"83","20"
"84","5"
"84","6"
"84","7"
"84","9"
"84","14"
"84","16"
"84","19"
"84","20"
"85","6"
"85","13"
"85","14"
"85","15"
"85","18"
"85","21"
"86","2"
"86","3"
"86","4"
"86","5"
"86","7"
"86","8"
"86","9"
"86","14"
"86","15"
"86","16"
"86","17"
"86","18"
"86","19"
"86","20"
"86","21"
"87","8"
"87","11"
"87","15"
"87","17"
"87","18"
"87","19"
"87","20"
"87","21"
"88","3"
"88","5"
"88","6"
"88","7"
"88","10"
"88","12"
"88","13"
"88","14"
"88","15"
"88","16"
"88","17"
"88","18"
"88","19"
"88","20"
"88","21"
"89","4"
"89","8"
"89","9"
"89","12"
"89","14"
"89","17"
"89","19"
"89","20"
"90","3"
"90","9"
"90","10"
"90","12"
"90","14"
"90","19"
"90","20"
"90","21"
"91","1"
"91","2"
"91","3"
"91","4"
"91","5"
"91","10"
"91","11"
"91","12"
"91","13"
"91","15"
"91","16"
"91","17"
"91","18"
"91","20"
"91","21"
"92","1"
"92","2"
"92","3"
"92","4"
"92","13"
"93","1"
"93","4"
"93","5"
"93","19"
"93","21"
"94","1"
"94","4"
"95","17"
"95","21"
"96","19"
"96","21"
"97","2"
"97","12"
"98","15"
"99","2"
"99","20"
"100","13"
"101","2"
"101","3"
"101","4"
"101","5"
"101","7"
"101","8"
"101","12"
"101","14"
"101","16"
"101","17"
"101","20"
"101","21"
"102","2"
"102","3"
"102","6"
"102","10"
"102","13"
"102","14"
"102","20"
"102","21"
"103","1"
"103","2"
"103","4"
"103","7"
"103","9"
"103","10"
"103","12"
"103","13"
"103","14"
"103","16"
"103","18"
"103","21"
"104","2"
"104","5"
"104","9"
"104","11"
"104","13"
"104","15"
"104","17"
"104","20"
"105","1"
"105","2"
"105","3"
"105","5"
"105","8"
"105","11"
"105","18"
"105","20"
"106","1"
"106","3"
"106","4"
"106","5"
"106","6"
"106","9"
"106","10"
"106","13"
"106","14"
"106","17"
"106","18"
"106","19"
"107","1"
"107","2"
"107","3"
"107","4"
"107","5"
"107","6"
"107","7"
"107","9"
"107","10"
"107","12"
"107","14"
"107","16"
"107","18"
"107","20"
"107","21"
"108","1"
"108","2"
"108","3"
"108","4"
"108","7"
"108","8"
"108","9"
"108","10"
"108","12"
"108","13"
"108","14"
"108","15"
"108","17"
"108","20"
"108","21"
"109","1"
"109","2"
"109","3"
"109","4"
"109","5"
"109","6"
"109","7"
"109","9"
"109","10"
"109","11"
"109","12"
"109","14"
"109","16"
"109","19"
"109","20"
"110","5"
"110","11"
"110","15"
"110","16"
"110","18"
"111","3"
"111","4"
"111","5"
"111","8"
"111","10"
"111","11"
"111","13"
"111","14"
"111","15"
"111","16"
"111","18"
"111","20"
"112","1"
"112","2"
"112","3"
"112","5"
"112","6"
"112","7"
"112","8"
"112","9"
"112","11"
"112","13"
"112","14"
"112","15"
"112","16"
"112","17"
"112","18"
"112","19"
"112","20"
"112","21"
"113","1"
"113","2"
"113","4"
"113","7"
"113","8"
"113","11"
"113","16"
"113","18"
"114","2"
"114","17"
"114","18"
"115","2"
"115","8"
"115","9"
"115","12"
"115","14"
"115","15"
"115","16"
"115","17"
"115","19"
"115","21"
"116","2"
"116","4"
"116","5"
"116","7"
"116","8"
"116","9"
"116","14"
"116","15"
"116","16"
"116","18"
"116","19"
"116","20"
"117","2"
"117","3"
"117","16"
"117","17"
"117","18"
"117","20"
"118","1"
"118","3"
"118","4"
"118","5"
"118","6"
"118","7"
"118","9"
"118","10"
"118","11"
"118","12"
"118","13"
"118","15"
"118","17"
"118","19"
"118","21"
"119","3"
"119","5"
"119","8"
"119","9"
"119","10"
"119","12"
"119","18"
"119","20"
"119","21"
"120","1"
"120","2"
"120","3"
"120","4"
"120","5"
"120","6"
"120","7"
"120","8"
"120","9"
"120","10"
"120","13"
"120","14"
"120","15"
"120","17"
"120","18"
"120","19"
"120","20"
"120","21"
"121","1"
"121","2"
"121","4"
"121","5"
"121","6"
"121","9"
"121","10"
"121","11"
"121","13"
"121","16"
"121","17"
"121","18"
"121","19"
"121","20"
"121","21"
"122","3"
"122","5"
"122","6"
"122","9"
"122","10"
"122","11"
"122","14"
"122","15"
"122","16"
"122","18"
"122","19"
"122","20"
"123","12"
"123","15"
"123","18"
"124","2"
"124","6"
"124","7"
"124","8"
"124","14"
"124","15"
"124","17"
"124","20"
"125","1"
"125","2"
"125","3"
"125","5"
"125","6"
"125","8"
"125","9"
"125","10"
"125","11"
"125","12"
"125","13"
"125","15"
"125","19"
"125","20"
"125","21"
"126","1"
"126","2"
"126","3"
"126","4"
"126","6"
"126","9"
"126","11"
"126","13"
"126","16"
"126","17"
"126","20"
"126","21"
"127","2"
"127","5"
"127","7"
"127","10"
"127","12"
"127","13"
"127","14"
"127","15"
"128","1"
"128","3"
"128","4"
"128","5"
"128","6"
"128","7"
"128","9"
"128","11"
"128","12"
"128","13"
"128","14"
"128","20"
"129","1"
"129","4"
"129","5"
"129","9"
"129","10"
"129","11"
"129","12"
"129","13"
"129","16"
"129","17"
"129","19"
"129","20"
"130","1"
"130","2"
"130","4"
"130","5"
"130","9"
"130","11"
"130","14"
"130","15"
"130","17"
"130","18"
"130","20"
"130","21"
"131","1"
"131","2"
"131","3"
"131","5"
"131","6"
"131","7"
"131","8"
"131","9"
"131","11"
"131","12"
"131","13"
"131","14"
"131","15"
"131","18"
"131","21"
"132","3"
"132","4"
"132","6"
"132","10"
"132","12"
"132","14"
"132","15"
"132","16"
"132","17"
"132","18"
"132","20"
"132","21"
"133","1"
"133","3"
"133","5"
"133","9"
"133","10"
"133","13"
"133","17"
"133","21"
"134","4"
"134","6"
"134","11"
"134","14"
"134","15"
"134","19"
"134","20"
"134","21"
"135","10"
"135","13"
"135","16"
"135","18"
"135","19"
"135","20"
"136","1"
"136","3"
"136","4"
"136","5"
"136","7"
"136","8"
"136","9"
"136","10"
"136","11"
"136","13"
"136","14"
"136","15"
"136","16"
"136","17"
"136","18"
"136","19"
"136","20"
"136","21"
"137","1"
"137","2"
"137","3"
"137","4"
"137","5"
"137","6"
"137","7"
"137","9"
"137","10"
"137","11"
"137","12"
"137","14"
"137","15"
"137","16"
"137","17"
"137","18"
"137","20"
"137","21"
"138","2"
"138","3"
"138","4"
"138","7"
"138","10"
"138","13"
"138","16"
"138","21"
"139","1"
"139","2"
"139","3"
"139","4"
"139","5"
"139","6"
"139","7"
"139","9"
"139","11"
"139","12"
"139","13"
"139","15"
"139","16"
"139","17"
"139","18"
"139","19"
"139","20"
"139","21"
"140","2"
"140","6"
"140","8"
"140","10"
"140","14"
"140","15"
"140","16"
"140","18"
"141","1"
"141","2"
"141","8"
"141","9"
"141","10"
"141","11"
"141","15"
"141","16"
"141","17"
"141","18"
"141","19"
"141","21"
"142","1"
"142","2"
"142","4"
"142","5"
"142","7"
"142","8"
"142","9"
"142","10"
"142","11"
"142","12"
"142","13"
"142","14"
"142","15"
"142","16"
"142","17"
"142","18"
"142","19"
"142","21"
"143","3"
"143","8"
"143","9"
"144","1"
"144","2"
"144","6"
"144","7"
"144","8"
"144","9"
"144","12"
"144","15"
"144","16"
"145","4"
"145","6"
"145","15"
"145","21"
"146","1"
"146","3"
"146","6"
"146","7"
"146","8"
"146","9"
"146","10"
"146","12"
"146","13"
"146","15"
"146","17"
"146","20"
"147","1"
"147","2"
"147","3"
"147","7"
"147","9"
"147","11"
"147","12"
"147","16"
"147","18"
"147","19"
"148","12"
"148","13"
"148","15"
"148","19"
"149","2"
"149","9"
"149","10"
"149","11"
"149","12"
"149","13"
"149","14"
"149","16"
"149","18"
"149","21"
"150","2"
"150","3"
"150","4"
"150","6"
"150","9"
"150","10"
"150","12"
"150","14"
"150","18"
"150","21"
"151","2"
"151","5"
"151","6"
"151","8"
"151","9"
"151","10"
"151","11"
"151","12"
"151","13"
"151","14"
"151","15"
"151","16"
"151","17"
"151","19"
"151","20"
"152","2"
"152","6"
"152","8"
"152","10"
"152","12"
"152","16"
"152","18"
"152","21"
"153","1"
"153","3"
"153","5"
"153","6"
"153","11"
"153","13"
"153","15"
"153","16"
"153","17"
"153","18"
"153","19"
"153","20"
"154","1"
"154","4"
"154","6"
"154","7"
"154","10"
"154","11"
"154","12"
"154","15"
"154","18"
"154","21"
"155","2"
"155","4"
"155","5"
"155","7"
"155","12"
"156","1"
"156","2"
"156","3"
"156","4"
"156","7"
"156","9"
"156","11"
"156","12"
"156","16"
"156","17"
"156","18"
"156","21"
"157","3"
"157","4"
"157","5"
"157","7"
"157","8"
"157","12"
"157","15"
"157","18"
"157","20"
"157","21"
"158","1"
"158","4"
"158","5"
"158","6"
"158","8"
"158","9"
"158","12"
"158","13"
"158","14"
"158","15"
"158","17"
"158","20"
"159","2"
"159","3"
"159","4"
"159","9"
"159","11"
"159","12"
"159","13"
"159","14"
"159","15"
"159","17"
"160","7"
"160","10"
"160","13"
"160","14"
"160","15"
"160","17"
"160","18"
"160","21"
"161","2"
"161","3"
"161","5"
"161","6"
"161","7"
"161","8"
"161","11"
"161","12"
"161","13"
"161","18"
"161","20"
"161","21"
"162","1"
"162","2"
"162","3"
"162","6"
"162","7"
"162","8"
"162","9"
"162","10"
"162","11"
"162","13"
"162","14"
"162","15"
"162","16"
"162","17"
"162","18"
"162","19"
"162","20"
"162","21"
"163","1"
"163","3"
"163","4"
"163","5"
"163","6"
"163","11"
"163","14"
"163","17"
"163","18"
"163","21"
"164","1"
"164","2"
"164","4"
"164","7"
"164","8"
"164","9"
"164","10"
"164","12"
"164","13"
"164","15"
"164","16"
"164","17"
"164","18"
"164","19"
"164","21"
"165","2"
"165","3"
"165","4"
"165","7"
"165","8"
"165","10"
"165","12"
"165","13"
"165","14"
"165","15"
"165","20"
"165","21"
"166","1"
"166","2"
"166","4"
"166","10"
"166","11"
"166","14"
"166","15"
"166","17"
"166","18"
"166","20"
"167","1"
"167","2"
"167","3"
"167","4"
"167","5"
"167","7"
"167","8"
"167","9"
"167","10"
"167","12"
"167","13"
"167","14"
"167","15"
"167","16"
"167","17"
"167","18"
"167","19"
"167","20"
"168","1"
"168","3"
"168","4"
"168","5"
"168","8"
"168","10"
"168","11"
"168","13"
"168","14"
"168","15"
"168","16"
"168","17"
"168","18"
"168","20"
"168","21"
"169","1"
"169","7"
"169","9"
"169","12"
"169","17"
"169","18"
"169","19"
"169","21"
"170","1"
"170","3"
"170","5"
"170","9"
"170","10"
"170","13"
"170","14"
"170","15"
"170","16"
"170","17"
"170","19"
"170","20"
"171","1"
"171","3"
"171","6"
"171","7"
"171","8"
"171","12"
"171","13"
"171","15"
"171","17"
"171","18"
"171","19"
"171","20"
"172","2"
"172","3"
"172","4"
"172","5"
"172","6"
"172","7"
"172","8"
"172","9"
"172","10"
"172","11"
"172","13"
"172","15"
"172","16"
"172","17"
"172","18"
"172","19"
"172","20"
"172","21"
"173","2"
"173","4"
"173","5"
"173","7"
"173","14"
"173","16"
"173","19"
"173","21"
"174","2"
"174","6"
"174","14"
"174","15"
"174","20"
"175","1"
"175","3"
"175","6"
"175","7"
"175","8"
"175","9"
"175","16"
"175","17"
"175","21"
"176","1"
"176","2"
"176","3"
"176","5"
"176","6"
"176","7"
"176","8"
"176","9"
"176","11"
"176","14"
"176","15"
"176","16"
"176","17"
"176","18"
"176","19"
"176","20"
"176","21"
"177","2"
"177","6"
"177","8"
"177","12"
"177","14"
"177","17"
"177","21"
"178","1"
"178","2"
"178","4"
"178","5"
"178","6"
"178","8"
"178","9"
"178","10"
"178","11"
"178","12"
"178","13"
"178","16"
"178","17"
"178","18"
"178","19"
"178","21"
"179","1"
"179","3"
"179","5"
"179","11"
"179","14"
"179","21"
"180","1"
"180","3"
"180","6"
"180","8"
"180","9"
"180","11"
"180","12"
"180","13"
"180","19"
"180","21"
"181","2"
"181","3"
"181","4"
"181","5"
"181","6"
"181","7"
"181","8"
"181","10"
"181","11"
"181","13"
"181","14"
"181","15"
"181","17"
"181","19"
"181","20"
"182","7"
"182","11"
"182","12"
"182","13"
"182","14"
"182","16"
"182","18"
"182","19"
"182","20"
"182","21"
"183","11"
"183","13"
"183","19"
"184","3"
"184","5"
"184","6"
"184","8"
"184","10"
"184","11"
"184","14"
"184","15"
"184","17"
"184","18"
"184","20"
"184","21"
"185","4"
"185","5"
"185","7"
"185","8"
"185","9"
"185","10"
"185","12"
"185","13"
"185","15"
"185","16"
"185","17"
"185","18"
"185","19"
"185","20"
"185","21"
"186","1"
"186","2"
"186","3"
"186","4"
"186","6"
"186","7"
"186","8"
"186","9"
"186","10"
"186","11"
"186","13"
"186","14"
"186","16"
"186","17"
"186","18"
"186","19"
"186","20"
"186","21"
"187","1"
"187","2"
"187","3"
"187","4"
"187","5"
"187","6"
"187","8"
"187","10"
"187","12"
"187","13"
"187","16"
"187","17"
"188","2"
"188","5"
"188","7"
"188","8"
"188","9"
"188","11"
"188","12"
"188","13"
"188","20"
"188","21"
"189","1"
"189","11"
"189","12"
"189","14"
"189","15"
"189","17"
"189","18"
"189","19"
"190","1"
"190","2"
"190","3"
"190","4"
"190","5"
"190","6"
"190","9"
"190","10"
"190","11"
"190","12"
"190","13"
"190","14"
"190","15"
"190","16"
"190","17"
"190","18"
"190","19"
"190","21"
"191","2"
"191","3"
"191","4"
"191","6"
"191","8"
"191","9"
"191","10"
"191","11"
"191","12"
"191","13"
"191","14"
"191","15"
"191","17"
"191","18"
"191","20"
"192","2"
"192","4"
"192","5"
"192","6"
"192","7"
"192","8"
"192","9"
"192","10"
"192","11"
"192","12"
"192","13"
"192","14"
"192","15"
"192","16"
"192","17"
"192","19"
"192","20"
"192","21"
"193","1"
"193","3"
"193","4"
"193","8"
"193","10"
"193","11"
"193","20"
"193","21"
"194","1"
"194","3"
"194","10"
"194","12"
"194","15"
"194","16"
"194","17"
"194","18"
"195","3"
"195","7"
"195","9"
"195","15"
"195","17"
"195","18"
"195","19"
"195","20"
"196","5"
"196","6"
"196","7"
"196","8"
"196","12"
"196","14"
"196","17"
"196","18"
"197","2"
"197","8"
"197","12"
"198","5"
"198","7"
"198","8"
"198","14"
"198","16"
"198","17"
"198","18"
"198","20"
"199","5"
"199","6"
"199","7"
"199","8"
"199","9"
"199","15"
"199","18"
"199","21"
"200","1"
"200","4"
"200","6"
"200","7"
"200","10"
"200","14"
"200","15"
"200","16"
"201","1"
"201","3"
"201","4"
"201","6"
"201","7"
"201","10"
"201","11"
"201","12"
"201","13"
"201","15"
"201","16"
"201","18"
"201","19"
"201","20"
"201","21"
"202","2"
"202","4"
"202","12"
"202","13"
"202","16"
"202","18"
"202","20"
"202","21"
"203","2"
"203","3"
"203","4"
"203","6"
"203","7"
"203","8"
"203","9"
"203","11"
"203","12"
"203","13"
"203","14"
"203","15"
"203","16"
"203","17"
"203","19"
"204","3"
"204","6"
"204","11"
"204","12"
"204","13"
"204","16"
"204","17"
"204","19"
"205","3"
"205","6"
"205","8"
"205","9"
"205","10"
"205","11"
"205","13"
"205","14"
"205","15"
"205","16"
"205","17"
"205","18"
"205","19"
"205","20"
"205","21"
"206","2"
"206","4"
"206","5"
"206","6"
"206","8"
"206","9"
"206","11"
"206","17"
"207","5"
"207","7"
"207","13"
"207","14"
"207","16"
"207","17"
"207","19"
"207","20"
"208","4"
"208","10"
"208","17"
"208","19"
"208","20"
"209","1"
"209","2"
"209","4"
"209","5"
"209","7"
"209","8"
"209","9"
"209","10"
"209","11"
"209","13"
"209","14"
"209","15"
"209","16"
"209","18"
"209","20"
"210","3"
"210","4"
"210","5"
"210","10"
"210","14"
"210","16"
"210","18"
"210","19"
"211","1"
"211","2"
"211","5"
"211","6"
"211","8"
"211","9"
"211","10"
"211","13"
"211","17"
"211","18"
"211","19"
"211","21"
"212","1"
"212","3"
"212","6"
"212","8"
"212","10"
"212","15"
"212","18"
"212","21"
"213","4"
"213","10"
"213","11"
"213","13"
"213","15"
"213","16"
"214","2"
"214","3"
"214","4"
"214","18"
"215","1"
"215","2"
"215","3"
"215","4"
"215","7"
"215","10"
"215","11"
"215","12"
"215","13"
"215","15"
"215","18"
"215","19"
"216","3"
"216","9"
"216","18"
"216","19"
"216","20"
"216","21"
"217","2"
"217","3"
"217","8"
"217","9"
"217","21"
"218","6"
"218","8"
"218","10"
"218","16"
"219","1"
"219","4"
"219","6"
"219","7"
"219","8"
"219","9"
"219","11"
"219","13"
"219","14"
"219","15"
"219","17"
"219","19"
"220","2"
"220","3"
"220","5"
"220","6"
"220","7"
"220","8"
"220","9"
"220","10"
"220","11"
"220","12"
"220","14"
"220","15"
"220","16"
"220","17"
"220","18"
"221","2"
"221","3"
"221","4"
"221","5"
"221","6"
"221","8"
"221","9"
"221","10"
"221","11"
"221","12"
"221","15"
"221","16"
"221","18"
"221","19"
"221","21"
"222","1"
"222","4"
"222","6"
"222","10"
"222","20"
"223","2"
"223","4"
"223","7"
"223","8"
"223","9"
"223","10"
"223","11"
"223","12"
"223","13"
"223","14"
"223","17"
"223","20"
"224","2"
"224","3"
"224","4"
"224","8"
"224","9"
"224","15"
"224","16"
"224","17"
"224","19"
"224","20"
"225","2"
"225","3"
"225","4"
"225","5"
"225","9"
"225","14"
"225","17"
"225","19"
"226","1"
"226","2"
"226","4"
"226","6"
"226","7"
"226","8"
"226","9"
"226","10"
"226","12"
"226","13"
"226","14"
"226","18"
"227","1"
"227","2"
"227","6"
"227","7"
"227","11"
"227","12"
"227","16"
"227","20"
"228","4"
"228","7"
"228","10"
"228","13"
"228","16"
"228","19"
"229","1"
"229","7"
"229","9"
"229","10"
"229","16"
"230","10"
"230","11"
"230","13"
"231","1"
"231","2"
"231","3"
"231","7"
"231","8"
"231","9"
"231","11"
"231","14"
"231","15"
"231","16"
"231","19"
"231","21"
"232","1"
"232","2"
"232","3"
"232","4"
"232","5"
"232","6"
"232","7"
"232","9"
"232","10"
"232","11"
"232","12"
"232","14"
"232","15"
"232","16"
"232","17"
"232","19"
"232","20"
"232","21"
"233","1"
"233","5"
"233","9"
"233","10"
"233","13"
"233","17"
"233","18"
"233","19"
"234","4"
"234","8"
"234","10"
"234","13"
"234","15"
"234","16"
"234","20"
"234","21"
"235","1"
"235","2"
"235","3"
"235","4"
"235","5"
"235","6"
"235","7"
"235","8"
"235","9"
"235","12"
"235","14"
"235","21"
"236","1"
"236","2"
"236","3"
"236","4"
"236","5"
"236","6"
"236","7"
"236","10"
"236","11"
"236","14"
"236","16"
"236","17"
"236","18"
"236","19"
"236","20"
"237","3"
"237","4"
"237","5"
"237","8"
"237","10"
"237","11"
"237","13"
"237","14"
"237","15"
"237","17"
"237","19"
"237","21"
"238","6"
"238","7"
"238","8"
"238","9"
"238","10"
"238","13"
"238","14"
"238","15"
"238","16"
"238","19"
"239","2"
"239","4"
"239","5"
"239","8"
"239","14"
"239","16"
"239","17"
"239","18"
"239","19"
"239","21"
"240","11"
"240","14"
"240","15"
"240","17"
"240","20"
"241","2"
"241","3"
"241","5"
"241","7"
"241","9"
"241","11"
"241","15"
"241","17"
"241","18"
"241","19"
"241","20"
"241","21"
"242","8"
"242","10"
"242","17"
"243","1"
"243","2"
"243","4"
"243","5"
"243","6"
"243","7"
"243","8"
"243","10"
"243","11"
"243","12"
"243","13"
"243","15"
"243","16"
"243","17"
"243","18"
"243","19"
"243","20"
"243","21"
"244","3"
"244","4"
"244","5"
"244","6"
"244","9"
"244","10"
"244","12"
"244","13"
"244","15"
"244","16"
"244","19"
"244","21"
"245","1"
"245","3"
"245","11"
"245","14"
"245","15"
"245","19"
"245","20"
"245","21"
"246","2"
"246","5"
"246","6"
"246","11"
"246","16"
"246","18"
"247","3"
"247","4"
"247","7"
"247","10"
"247","12"
"247","13"
"247","19"
"247","21"
"248","1"
"248","3"
"248","6"
"248","15"
"248","16"
"248","17"
"248","18"
"248","21"
"249","2"
"249","3"
"249","4"
"249","5"
"249","7"
"249","9"
"249","11"
"249","12"
"249","13"
"249","15"
"249","16"
"249","18"
"249","19"
"249","20"
"249","21"
"250","1"
"250","4"
"250","5"
"250","6"
"250","7"
"250","8"
"250","9"
"250","11"
"250","12"
"250","13"
"250","14"
"250","15"
"250","16"
"250","17"
"250","20"
"251","1"
"251","6"
"251","7"
"251","9"
"251","11"
"251","12"
"251","13"
"251","14"
"251","16"
"251","17"
"251","19"
"251","20"
"252","3"
"252","4"
"252","5"
"252","6"
"252","7"
"252","8"
"252","11"
"252","12"
"252","13"
"252","14"
"252","15"
"252","17"
"252","18"
"252","19"
"252","21"
"253","1"
"253","2"
"253","4"
"253","5"
"253","6"
"253","7"
"253","8"
"253","9"
"253","10"
"253","11"
"253","12"
"253","13"
"253","14"
"253","15"
"253","17"
"253","18"
"253","19"
"253","21"
"254","2"
"254","4"
"254","7"
"254","9"
"254","10"
"254","13"
"254","14"
"254","20"
"255","2"
"255","3"
"255","5"
"255","6"
"255","7"
"255","8"
"255","11"
"255","14"
"255","15"
"255","16"
"255","17"
"255","20"
"256","1"
"256","2"
"256","8"
"256","9"
"256","10"
"256","11"
"256","13"
"256","14"
"256","15"
"256","16"
"257","2"
"257","3"
"257","10"
"257","15"
"257","17"
"257","21"
"258","2"
"258","9"
"258","13"
"258","20"
"258","21"
"259","4"
"259","6"
"259","8"
"259","9"
"259","11"
"259","13"
"259","14"
"259","17"
"259","18"
"259","19"
"260","2"
"260","3"
"260","4"
"260","5"
"260","8"
"260","12"
"260","14"
"260","16"
"261","2"
"261","3"
"261","5"
"261","6"
"261","7"
"261","8"
"261","9"
"261","10"
"261","14"
"261","16"
"261","18"
"261","20"
"262","2"
"262","3"
"262","4"
"262","7"
"262","8"
"262","10"
"262","11"
"262","12"
"262","13"
"262","14"
"262","15"
"262","16"
"262","17"
"262","19"
"262","21"
"263","2"
"263","5"
"263","10"
"263","12"
"263","13"
"263","16"
"263","18"
"263","19"
"264","2"
"264","3"
"264","5"
"264","7"
"264","8"
"264","10"
"264","11"
"264","12"
"264","18"
"264","19"
"264","20"
"264","21"
"265","3"
"265","5"
"265","7"
"265","10"
"265","13"
"265","14"
"265","18"
"265","20"
"266","1"
"266","2"
"266","3"
"266","14"
"266","16"
"266","17"
"266","19"
"266","20"
"267","1"
"267","2"
"267","4"
"267","5"
"267","6"
"267","7"
"267","8"
"267","9"
"267","10"
"267","12"
"267","13"
"267","14"
"267","16"
"267","17"
"267","18"
"267","19"
"267","20"
"267","21"
"268","1"
"268","2"
"268","3"
"268","4"
"268","5"
"268","6"
"268","8"
"268","9"
"268","10"
"268","12"
"268","13"
"268","14"
"268","15"
"268","17"
"268","18"
"268","19"
"268","20"
"268","21"
"269","1"
"269","2"
"269","4"
"269","5"
"269","6"
"269","7"
"269","8"
"269","9"
"269","10"
"269","11"
"269","12"
"269","13"
"269","14"
"269","15"
"269","16"
"269","18"
"269","19"
"269","21"
"270","3"
"270","6"
"270","8"
"270","9"
"270","12"
"270","14"
"270","15"
"270","19"
"270","20"
"270","21"
"271","1"
"271","2"
"271","3"
"271","4"
"271","7"
"271","9"
"271","11"
"271","12"
"271","13"
"271","14"
"271","16"
"271","20"
"272","1"
"272","2"
"272","3"
"272","4"
"272","5"
"272","6"
"272","7"
"272","8"
"272","9"
"272","10"
"272","12"
"272","13"
"272","14"
"272","15"
"272","17"
"272","18"
"272","20"
"272","21"
"273","2"
"273","3"
"273","5"
"273","6"
"273","9"
"273","14"
"273","16"
"273","18"
"273","19"
"273","21"
"274","2"
"274","5"
"274","6"
"274","8"
"274","11"
"274","12"
"274","15"
"274","21"
"275","3"
"275","6"
"275","9"
"275","14"
"275","16"
"275","20"
"275","21"
"276","12"
"276","14"
"276","21"
"277","1"
"277","2"
"277","6"
"277","7"
"277","12"
"277","14"
"277","15"
"277","16"
"277","17"
"277","18"
"277","19"
"277","20"
"278","3"
"278","7"
"278","11"
"278","12"
"278","13"
"278","15"
"278","16"
"278","17"
"278","18"
"278","19"
"279","1"
"279","6"
"279","12"
"279","17"
"279","20"
"280","1"
"280","2"
"280","5"
"280","6"
"280","10"
"280","15"
"280","18"
"280","19"
"281","1"
"281","3"
"281","4"
"281","5"
"281","7"
"281","9"
"281","10"
"281","11"
"281","12"
"281","15"
"281","16"
"281","18"
"281","19"
"281","20"
"281","21"
"282","2"
"282","3"
"282","4"
"282","5"
"282","10"
"282","13"
"282","15"
"282","16"
"282","19"
"282","20"
"283","2"
"283","3"
"283","6"
"283","18"
"283","21"
"284","2"
"284","7"
"284","9"
"284","10"
"284","12"
"284","13"
"284","18"
"284","19"
"285","2"
"285","5"
"285","6"
"285","8"
"285","11"
"285","13"
"285","15"
"285","16"
"285","19"
"286","2"
"286","8"
"286","12"
"286","13"
"286","20"
"286","21"
"287","2"
"287","6"
"287","7"
"287","9"
"287","10"
"287","11"
"287","12"
"287","13"
"287","15"
"287","16"
"287","17"
"287","19"
"288","1"
"288","3"
"288","6"
"288","7"
"288","9"
"288","10"
"288","11"
"288","13"
"288","15"
"288","16"
"288","20"
"289","1"
"289","2"
"289","3"
"289","4"
"289","5"
"289","6"
"289","7"
"289","9"
"289","10"
"289","11"
"289","12"
"289","14"
"289","15"
"289","16"
"289","17"
"289","18"
"289","20"
"289","21"
"290","1"
"290","3"
"290","4"
"290","5"
"290","6"
"290","7"
"290","8"
"290","9"
"290","10"
"290","11"
"290","12"
"290","13"
"290","14"
"290","15"
"290","16"
"290","17"
"290","18"
"290","20"
"290","21"
"291","2"
"291","5"
"291","6"
"291","7"
"291","11"
"291","14"
"291","15"
"291","16"
"291","17"
"291","18"
"291","19"
"291","20"
"292","5"
"292","6"
"292","10"
"292","13"
"292","15"
"292","18"
"292","20"
"292","21"
"293","3"
"293","5"
"293","6"
"293","7"
"293","11"
"293","12"
"293","14"
"293","16"
"293","18"
"293","19"
"294","1"
"294","2"
"294","3"
"294","4"
"294","5"
"294","6"
"294","7"
"294","8"
"294","11"
"294","12"
"294","13"
"294","14"
"294","15"
"294","16"
"294","17"
"294","18"
"294","19"
"294","20"
"295","1"
"295","2"
"295","3"
"295","5"
"295","6"
"295","8"
"295","9"
"295","11"
"295","14"
"295","15"
"295","16"
"295","17"
"295","18"
"295","19"
"295","21"
"296","1"
"296","5"
"296","6"
"296","7"
"296","8"
"296","9"
"296","10"
"296","11"
"296","16"
"297","1"
"297","2"
"297","3"
"297","4"
"297","6"
"297","7"
"297","8"
"297","9"
"297","10"
"297","11"
"297","12"
"297","14"
"297","15"
"297","17"
"297","18"
"297","19"
"297","20"
"297","21"
"298","1"
"298","3"
"298","4"
"298","5"
"298","7"
"298","8"
"298","11"
"298","12"
"298","15"
"298","16"
"298","17"
"298","19"
"299","2"
"299","4"
"299","5"
"299","10"
"299","12"
"299","13"
"299","15"
"299","16"
"299","19"
"299","20"
"300","1"
"300","3"
"300","4"
"300","8"
"300","10"
"300","13"
"300","16"
"300","17"
"301","1"
"301","2"
"301","4"
"301","6"
"301","7"
"301","8"
"301","9"
"301","11"
"301","12"
"301","13"
"301","16"
"301","17"
"301","18"
"301","19"
"301","20"
"302","2"
"302","3"
"302","4"
"302","5"
"302","6"
"302","8"
"302","9"
"302","10"
"302","11"
"302","12"
"302","13"
"302","14"
"302","15"
"302","16"
"302","17"
"302","18"
"302","19"
"302","21"
"303","2"
"303","3"
"303","4"
"303","6"
"303","8"
"303","10"
"303","13"
"303","15"
"303","16"
"303","17"
"303","19"
"303","20"
"304","2"
"304","6"
"304","8"
"304","16"
"304","17"
"304","18"
"304","20"
"304","21"
"305","1"
"305","2"
"305","9"
"305","14"
"305","16"
"305","19"
"306","4"
"306","9"
"306","10"
"306","11"
"306","12"
"306","13"
"306","16"
"306","18"
"306","20"
"306","21"
"307","1"
"307","3"
"307","4"
"307","5"
"307","6"
"307","9"
"307","12"
"307","16"
"307","19"
"308","4"
"308","6"
"308","11"
"308","16"
"308","17"
"308","19"
"308","21"
"309","1"
"309","3"
"309","4"
"309","5"
"309","13"
"309","14"
"309","16"
"309","17"
"309","18"
"309","20"
"309","21"
"310","1"
"310","10"
"310","13"
"310","20"
"311","4"
"311","5"
"311","11"
"311","12"
"311","14"
"311","15"
"311","16"
"311","20"
"312","1"
"312","7"
"312","8"
"312","9"
"312","12"
"313","3"
"313","12"
"313","14"
"313","15"
"313","16"
"313","17"
"313","19"
"313","20"
"313","21"
"314","15"
"314","21"
"315","2"
"315","3"
"315","4"
"315","6"
"315","7"
"315","8"
"315","14"
"315","15"
"315","17"
"315","18"
"315","20"
"315","21"
"316","6"
"316","9"
"316","12"
"316","13"
"316","18"
"317","3"
"317","4"
"317","9"
"317","10"
"317","13"
"317","15"
"317","16"
"317","21"
"318","2"
"318","3"
"318","6"
"318","10"
"318","13"
"318","14"
"318","15"
"318","16"
"318","19"
"318","20"
"318","21"
"319","1"
"319","4"
"319","8"
"319","9"
"319","13"
"319","14"
"319","16"
"319","17"
"319","18"
"319","21"
"320","8"
"320","9"
"320","11"
"320","13"
"320","16"
"320","19"
"320","20"
"320","21"
"321","1"
"321","2"
"321","5"
"321","7"
"321","8"
"321","10"
"321","11"
"321","12"
"321","13"
"321","14"
"321","15"
"321","16"
"321","17"
"321","18"
"321","20"
"322","1"
"322","3"
"322","6"
"322","7"
"322","8"
"322","13"
"322","15"
"322","20"
"323","2"
"323","3"
"323","4"
"323","6"
"323","9"
"323","10"
"323","13"
"323","17"
"324","3"
"324","4"
"324","7"
"324","8"
"324","9"
"324","11"
"324","13"
"324","21"
"325","2"
"325","10"
"325","15"
"326","5"
"326","10"
"326","14"
"327","10"
"327","11"
"327","17"
"328","2"
"328","3"
"328","4"
"328","6"
"328","14"
"328","16"
"328","19"
"328","21"
"329","1"
"329","4"
"329","6"
"329","7"
"329","12"
"329","15"
"329","17"
"329","21"
"330","7"
"330","9"
"330","21"
"331","3"
"331","4"
"331","6"
"331","8"
"331","9"
"331","10"
"331","14"
"331","15"
"331","17"
"331","20"
"332","1"
"332","2"
"332","4"
"332","6"
"332","8"
"332","9"
"332","11"
"332","12"
"332","13"
"332","14"
"332","17"
"332","18"
"332","19"
"332","20"
"332","21"
"333","7"
"333","12"
"333","18"
"334","3"
"334","5"
"334","6"
"334","7"
"334","11"
"334","13"
"334","17"
"334","19"
"335","3"
"335","4"
"335","5"
"335","6"
"335","7"
"335","9"
"335","15"
"335","16"
"335","17"
"335","18"
"335","19"
"335","20"
"336","6"
"336","8"
"336","9"
"336","10"
"336","16"
"336","21"
"337","1"
"337","3"
"337","8"
"337","10"
"337","15"
"337","16"
"337","19"
"337","20"
"337","21"
"338","5"
"338","8"
"338","14"
"338","19"
"339","11"
"339","18"
"340","1"
"340","2"
"340","3"
"340","7"
"340","9"
"340","11"
"340","15"
"340","16"
"340","20"
"340","21"
"341","1"
"341","5"
"341","6"
"341","8"
"341","10"
"341","13"
"341","19"
"341","20"
"342","6"
"342","8"
"342","9"
"342","11"
"342","12"
"342","16"
"342","17"
"342","18"
"342","20"
"343","2"
"343","3"
"343","5"
"343","7"
"343","8"
"343","9"
"343","10"
"343","15"
"343","16"
"343","17"
"344","1"
"344","5"
"344","8"
"344","10"
"344","12"
"344","17"
"345","2"
"345","4"
"345","20"
"346","1"
"346","5"
"346","16"
"346","19"
"347","1"
"347","4"
"347","6"
"347","9"
"347","11"
"347","12"
"347","19"
"348","8"
"348","11"
"348","13"
"348","17"
"348","18"
"349","2"
"349","3"
"349","5"
"349","10"
"350","1"
"350","4"
"350","9"
"350","12"
"350","14"
"350","19"
"351","4"
"351","6"
"351","7"
"351","8"
"351","10"
"351","14"
"351","15"
"351","21"
"352","1"
"352","2"
"352","3"
"352","5"
"352","6"
"352","7"
"352","8"
"352","11"
"352","14"
"352","15"
"352","17"
"352","18"
"352","19"
"352","20"
"352","21"
"353","1"
"353","2"
"353","15"
"354","3"
"354","7"
"354","9"
"354","11"
"354","12"
"354","16"
"354","20"
"354","21"
"355","3"
"355","4"
"355","5"
"355","8"
"355","10"
"355","13"
"355","15"
"355","17"
"356","2"
"356","4"
"356","5"
"356","7"
"356","9"
"356","11"
"356","16"
"356","20"
"357","1"
"357","4"
"357","6"
"357","7"
"357","8"
"357","17"
"357","19"
"357","21"
"358","2"
"358","3"
"358","7"
"358","13"
"358","14"
"358","17"
"358","19"
"358","21"
"359","1"
"359","6"
"359","8"
"359","10"
"359","12"
"359","13"
"359","15"
"359","17"
"360","3"
"360","4"
"360","7"
"360","12"
"360","13"
"360","14"
"360","17"
"360","18"
"361","1"
"361","4"
"361","6"
"361","8"
"361","9"
"361","12"
"361","14"
"361","15"
"362","5"
"362","8"
"362","9"
"362","11"
"362","12"
"362","14"
"362","15"
"362","17"
"362","19"
"363","1"
"363","5"
"363","11"
"363","14"
"363","15"
"363","17"
"364","7"
"364","9"
"364","11"
"364","14"
"364","15"
"364","16"
"364","18"
"365","1"
"365","5"
"365","8"
"365","12"
"365","14"
"365","20"
"366","1"
"366","5"
"366","12"
"366","15"
"366","21"
"367","1"
"367","2"
"367","4"
"367","6"
"367","7"
"367","8"
"367","9"
"367","11"
"367","12"
"367","13"
"367","14"
"367","15"
"367","16"
"367","17"
"367","18"
"368","2"
"368","3"
"368","4"
"368","5"
"368","7"
"368","8"
"368","9"
"368","10"
"368","11"
"368","12"
"368","13"
"368","14"
"368","15"
"368","16"
"368","17"
"368","18"
"368","19"
"368","21"
"369","1"
"369","7"
"369","9"
"369","13"
"369","14"
"369","18"
"369","19"
"369","20"
"370","4"
"370","15"
"370","20"
"371","1"
"371","3"
"371","4"
"371","5"
"371","6"
"371","7"
"371","9"
"371","10"
"371","11"
"371","14"
"371","15"
"371","17"
"371","18"
"371","19"
"371","21"
"372","2"
"372","4"
"372","5"
"372","6"
"372","8"
"372","9"
"372","10"
"372","11"
"372","13"
"372","14"
"372","19"
"372","20"
"373","5"
"373","6"
"373","8"
"373","10"
"373","15"
"373","16"
"373","20"
"373","21"
"374","3"
"374","4"
"374","5"
"374","7"
"374","8"
"374","9"
"374","11"
"374","19"
"375","1"
"375","3"
"375","4"
"375","10"
"375","11"
"375","12"
"375","13"
"375","19"
"376","3"
"376","4"
"376","7"
"376","8"
"376","16"
"376","17"
"376","19"
"376","20"
"377","2"
"377","4"
"377","5"
"377","9"
"377","11"
"377","12"
"377","15"
"377","19"
"378","1"
"378","2"
"378","3"
"378","4"
"378","6"
"378","10"
"378","18"
"378","21"
"379","9"
"379","12"
"379","18"
"380","1"
"380","4"
"380","5"
"380","6"
"380","11"
"380","13"
"380","17"
"380","21"
"381","3"
"381","8"
"381","11"
"381","13"
"381","14"
"381","15"
"381","18"
"381","21"
"382","1"
"382","3"
"382","4"
"382","5"
"382","6"
"382","7"
"382","11"
"382","12"
"382","13"
"382","14"
"382","15"
"382","16"
"382","17"
"382","20"
"382","21"
"383","1"
"383","2"
"383","4"
"383","5"
"383","6"
"383","7"
"383","8"
"383","9"
"383","10"
"383","11"
"383","13"
"383","14"
"383","15"
"383","16"
"383","17"
"383","18"
"383","19"
"383","20"
"384","4"
"384","6"
"384","7"
"384","8"
"384","14"
"384","15"
"385","2"
"385","4"
"385","8"
"385","13"
"385","14"
"385","15"
"385","17"
"385","19"
"385","21"
"386","4"
"386","6"
"386","8"
"386","9"
"386","10"
"386","11"
"386","12"
"386","16"
"387","1"
"387","3"
"387","11"
"387","12"
"387","13"
"387","14"
"387","15"
"387","17"
"387","18"
"387","19"
"388","4"
"388","7"
"388","9"
"388","18"
"388","19"
"389","1"
"389","2"
"389","4"
"389","5"
"389","6"
"389","8"
"389","9"
"389","10"
"389","12"
"389","14"
"389","15"
"389","16"
"389","18"
"389","19"
"389","20"
"390","9"
"390","10"
"390","12"
"390","13"
"390","14"
"390","20"
"391","1"
"391","2"
"391","3"
"391","5"
"391","7"
"391","8"
"391","10"
"391","11"
"391","15"
"391","16"
"391","19"
"391","21"
"392","1"
"392","2"
"392","5"
"392","7"
"392","8"
"392","9"
"392","10"
"392","11"
"392","12"
"392","13"
"392","14"
"392","15"
"392","17"
"392","18"
"392","20"
"393","4"
"393","5"
"393","6"
"393","14"
"393","18"
"393","21"
"394","1"
"394","11"
"394","15"
"394","17"
"394","20"
"395","1"
"395","5"
"395","7"
"395","10"
"395","14"
"395","16"
"395","18"
"395","19"
"396","4"
"396","7"
"396","9"
"396","10"
"396","12"
"396","16"
"396","17"
"397","8"
"397","9"
"397","14"
"397","15"
"397","19"
"398","3"
"398","5"
"398","16"
"398","19"
"398","20"
"398","21"
"399","1"
"399","2"
"399","3"
"399","13"
"400","4"
"400","7"
"400","13"
"400","15"
"400","20"
"401","4"
"401","5"
"401","8"
"401","9"
"401","11"
"401","12"
"401","17"
"401","19"
"402","6"
"402","7"
"402","9"
"402","10"
"402","11"
"402","14"
"402","17"
"403","3"
"403","4"
"403","9"
"403","12"
"403","13"
"403","17"
"404","2"
"404","4"
"404","16"
"404","18"
"404","21"
"405","4"
"405","8"
"405","18"
"405","20"
"405","21"
"406","1"
"406","3"
"406","4"
"406","5"
"406","7"
"406","10"
"406","12"
"406","13"
"406","14"
"406","15"
"406","16"
"406","17"
"406","19"
"406","20"
"406","21"
"407","1"
"407","3"
"407","7"
"407","12"
"408","6"
"408","15"
"408","18"
"409","9"
"409","11"
"409","13"
"409","15"
"409","17"
"409","18"
"409","20"
"409","21"
"410","2"
"410","3"
"410","5"
"410","7"
"410","8"
"410","11"
"410","13"
"411","1"
"411","3"
"411","4"
"411","7"
"411","8"
"411","11"
"411","16"
"411","17"
"411","19"
"411","20"
"412","1"
"412","6"
"412","8"
"412","9"
"412","13"
"412","19"
"412","20"
"412","21"
"413","2"
"413","4"
"413","5"
"413","7"
"413","8"
"413","14"
"413","17"
"413","19"
"413","20"
"414","6"
"414","12"
"414","13"
"414","15"
"414","16"
"414","17"
"414","19"
"414","20"
"415","4"
"415","6"
"415","7"
"415","11"
"415","16"
"415","17"
"415","19"
"415","21"
"416","2"
"416","3"
"416","4"
"416","18"
"416","20"
"416","21"
"417","3"
"417","5"
"417","9"
"417","15"
"417","18"
"417","19"
"418","4"
"418","8"
"418","14"
"418","20"
"419","5"
"419","10"
"419","11"
"419","20"
"420","8"
"420","17"
"420","18"
"420","21"
"421","4"
"421","5"
"421","9"
"421","10"
"421","12"
"421","13"
"421","16"
"421","20"
"422","1"
"422","2"
"422","3"
"422","5"
"422","6"
"422","8"
"422","9"
"422","10"
"422","11"
"422","12"
"422","13"
"422","14"
"422","15"
"422","16"
"422","18"
"422","19"
"422","20"
"422","21"
"423","1"
"423","2"
"423","8"
"423","10"
"423","11"
"423","13"
"423","16"
"423","17"
"423","18"
"423","19"
"423","20"
"423","21"
"424","1"
"424","3"
"424","4"
"424","5"
"424","6"
"424","7"
"424","9"
"424","10"
"424","11"
"424","12"
"424","14"
"424","15"
"424","17"
"424","19"
"424","21"
"425","1"
"425","2"
"425","4"
"425","8"
"425","10"
"425","12"
"425","13"
"425","15"
"425","17"
"426","1"
"426","2"
"426","3"
"426","4"
"426","5"
"426","6"
"426","8"
"426","9"
"426","10"
"426","12"
"426","13"
"426","14"
"426","15"
"426","16"
"426","18"
"426","19"
"426","20"
"426","21"
"427","1"
"427","2"
"427","5"
"427","7"
"427","10"
"427","16"
"427","17"
"427","18"
"427","20"
"427","21"
"428","1"
"428","2"
"428","3"
"428","4"
"428","6"
"428","7"
"428","8"
"428","9"
"428","10"
"428","11"
"428","12"
"428","13"
"428","14"
"428","15"
"428","16"
"428","17"
"428","18"
"428","19"
"428","20"
"428","21"
"429","4"
"429","6"
"429","8"
"429","13"
"429","14"
"429","18"
"430","2"
"430","3"
"430","4"
"430","5"
"430","6"
"430","7"
"430","9"
"430","10"
"430","12"
"430","13"
"430","14"
"430","15"
"430","16"
"430","17"
"430","18"
"430","19"
"430","20"
"430","21"
"431","3"
"431","6"
"431","8"
"431","9"
"431","12"
"431","14"
"431","16"
"431","18"
"432","3"
"432","7"
"432","9"
"432","11"
"432","19"
"432","20"
"433","2"
"433","5"
"433","6"
"433","12"
"433","15"
"433","19"
"434","1"
"434","2"
"434","3"
"434","4"
"434","6"
"434","8"
"434","10"
"434","11"
"434","12"
"434","13"
"434","14"
"434","15"
"434","17"
"434","19"
"434","20"
"435","3"
"435","7"
"435","9"
"435","12"
"435","15"
"435","21"
"436","1"
"436","3"
"436","4"
"436","7"
"436","8"
"436","9"
"436","12"
"436","13"
"436","14"
"436","17"
"436","20"
"436","21"
"437","1"
"437","2"
"437","3"
"437","4"
"437","9"
"437","11"
"437","13"
"437","17"
"437","18"
"437","19"
"437","20"
"437","21"
"438","1"
"438","2"
"438","3"
"438","4"
"438","5"
"438","6"
"438","7"
"438","9"
"438","10"
"438","12"
"438","13"
"438","15"
"438","16"
"438","17"
"438","18"
"439","1"
"439","2"
"439","4"
"439","5"
"439","7"
"439","10"
"439","12"
"439","15"
"439","16"
"439","18"
"439","19"
"439","21"
"440","4"
"440","5"
"440","7"
"440","8"
"440","9"
"440","12"
"440","16"
"440","18"
"440","20"
"440","21"
"441","2"
"441","4"
"441","5"
"441","6"
"441","7"
"441","8"
"441","9"
"441","10"
"441","11"
"441","13"
"441","16"
"441","17"
"441","18"
"441","20"
"441","21"
"442","1"
"442","3"
"442","4"
"442","7"
"442","11"
"442","17"
"442","19"
"442","20"
"443","1"
"443","2"
"443","3"
"443","4"
"443","6"
"443","7"
"443","8"
"443","9"
"443","11"
"443","12"
"443","13"
"443","14"
"443","15"
"443","16"
"443","17"
"443","19"
"443","20"
"443","21"
"444","3"
"444","5"
"444","8"
"444","9"
"444","13"
"444","14"
"444","15"
"444","16"
"444","17"
"444","18"
"444","20"
"444","21"
"445","1"
"445","8"
"445","10"
"445","12"
"445","15"
"445","20"
"446","2"
"446","5"
"446","6"
"446","8"
"446","10"
"446","11"
"446","13"
"446","17"
"446","19"
"446","20"
"447","1"
"447","2"
"447","3"
"447","4"
"447","6"
"447","8"
"447","10"
"447","12"
"447","15"
"447","18"
"448","1"
"448","3"
"448","4"
"448","5"
"448","7"
"448","11"
"448","12"
"448","13"
"448","14"
"448","15"
"448","18"
"448","20"
"449","2"
"449","5"
"449","12"
"450","1"
"450","4"
"450","10"
"450","20"
"451","5"
"451","14"
"451","16"
"452","1"
"452","2"
"452","3"
"452","4"
"452","8"
"452","9"
"452","10"
"452","11"
"452","12"
"452","14"
"452","15"
"452","16"
"452","17"
"452","19"
"452","21"
"453","2"
"453","3"
"453","4"
"453","6"
"453","7"
"453","8"
"453","9"
"453","10"
"453","13"
"453","14"
"453","15"
"453","18"
"454","5"
"454","10"
"455","1"
"455","5"
"455","8"
"455","10"
"455","20"
"455","21"
"456","1"
"456","2"
"456","3"
"456","4"
"456","5"
"456","6"
"456","7"
"456","8"
"456","9"
"456","10"
"456","11"
"456","12"
"456","13"
"456","15"
"456","17"
"456","19"
"456","20"
"456","21"
"457","2"
"457","3"
"457","5"
"457","7"
"457","9"
"457","10"
"457","11"
"457","12"
"457","14"
"457","15"
"457","16"
"457","17"
"457","18"
"457","19"
"457","21"
"458","2"
"458","3"
"458","4"
"458","6"
"458","7"
"458","8"
"458","10"
"458","12"
"458","15"
"458","16"
"458","17"
"458","18"
"459","1"
"459","6"
"459","10"
"459","13"
"460","1"
"460","2"
"460","4"
"460","5"
"460","6"
"460","7"
"460","9"
"460","10"
"460","11"
"460","12"
"460","13"
"460","14"
"460","16"
"460","17"
"460","18"
"460","19"
"460","20"
"460","21"
"461","1"
"461","2"
"461","3"
"461","5"
"461","6"
"461","9"
"461","10"
"461","12"
"461","13"
"461","16"
"461","19"
"461","21"
"462","11"
"462","12"
"462","14"
"464","1"
"464","2"
"464","4"
"464","7"
"464","8"
"464","9"
"464","10"
"464","11"
"464","13"
"464","15"
"465","5"
"465","6"
"465","11"
"465","12"
"465","15"
"465","16"
"465","19"
"465","20"
"466","1"
"466","2"
"466","3"
"466","4"
"466","5"
"466","6"
"466","8"
"466","9"
"466","10"
"466","11"
"466","12"
"466","13"
"466","15"
"466","17"
"466","18"
"466","19"
"466","20"
"466","21"
"468","1"
"468","2"
"468","4"
"468","11"
"468","21"
"469","1"
"469","2"
"469","3"
"469","6"
"469","7"
"469","10"
"469","11"
"469","13"
"469","14"
"469","15"
"469","16"
"469","17"
"471","2"
"471","3"
"471","4"
"471","5"
"471","8"
"471","9"
"471","10"
"471","11"
"471","12"
"471","13"
"471","15"
"471","17"
"472","1"
"472","2"
"472","4"
"472","5"
"472","9"
"472","10"
"472","14"
"472","21"
"473","3"
"473","16"
"473","19"
"474","2"
"474","14"
"475","3"
"475","4"
"475","10"
"475","19"
"475","20"
"475","21"
"476","7"
"476","8"
"476","10"
"476","20"
"477","1"
"477","3"
"477","4"
"477","9"
"477","10"
"477","12"
"477","13"
"477","14"
"477","15"
"477","16"
"477","17"
"477","18"
"477","19"
"477","20"
"477","21"
"478","1"
"478","2"
"478","6"
"478","7"
"478","8"
"478","9"
"478","10"
"478","11"
"478","12"
"478","14"
"478","15"
"478","21"
"479","3"
"479","12"
"479","14"
"479","15"
"479","16"
"479","19"
"479","20"
"479","21"
"480","1"
"480","3"
"480","5"
"480","6"
"480","10"
"480","12"
"480","13"
"480","15"
"480","16"
"480","17"
"481","2"
"481","8"
"481","10"
"481","11"
"481","13"
"481","14"
"481","15"
"481","17"
"481","18"
"481","19"
"481","20"
"481","21"
"482","1"
"482","2"
"482","5"
"482","6"
"482","10"
"482","14"
"483","2"
"483","8"
"483","10"
"483","14"
"483","15"
"483","16"
"483","18"
"483","21"
"484","2"
"484","3"
"484","4"
"484","6"
"484","7"
"484","8"
"484","9"
"484","10"
"484","11"
"484","12"
"484","13"
"484","14"
"484","15"
"484","17"
"484","18"
"484","19"
"484","20"
"484","21"
"485","1"
"485","3"
"485","4"
"485","5"
"485","7"
"485","8"
"485","9"
"485","10"
"485","11"
"485","13"
"485","14"
"485","18"
"485","19"
"485","20"
"485","21"
"486","1"
"486","2"
"486","4"
"486","9"
"486","10"
"486","11"
"486","15"
"486","16"
"486","17"
"486","18"
"486","19"
"486","21"
"487","1"
"487","5"
"487","11"
"487","13"
"488","3"
"488","6"
"488","9"
"488","15"
"488","20"
"489","1"
"489","2"
"489","3"
"489","4"
"489","5"
"489","6"
"489","7"
"489","8"
"489","9"
"489","10"
"489","12"
"489","13"
"489","14"
"489","16"
"489","17"
"489","19"
"489","20"
"489","21"
"490","1"
"490","2"
"490","3"
"490","4"
"490","5"
"490","6"
"490","7"
"490","8"
"490","9"
"490","10"
"490","11"
"490","12"
"490","13"
"490","16"
"490","17"
"490","18"
"490","20"
"490","21"
"491","1"
"491","2"
"491","3"
"491","5"
"491","6"
"491","7"
"491","8"
"491","9"
"491","11"
"491","12"
"491","13"
"491","15"
"491","18"
"491","19"
"491","21"
"492","1"
"492","2"
"492","3"
"492","5"
"492","9"
"492","11"
"492","13"
"492","14"
"492","15"
"492","16"
"492","17"
"492","19"
"493","3"
"493","4"
"493","5"
"493","7"
"493","8"
"493","11"
"493","12"
"493","14"
"493","15"
"493","18"
"494","1"
"494","2"
"494","3"
"494","4"
"494","5"
"494","6"
"494","7"
"494","10"
"494","13"
"494","14"
"494","18"
"494","20"
"495","1"
"495","3"
"495","5"
"495","7"
"495","9"
"495","18"
"495","20"
"495","21"
"496","4"
"496","6"
"496","8"
"496","10"
"496","13"
"496","18"
"496","19"
"496","20"
"497","1"
"497","2"
"497","3"
"497","4"
"497","5"
"497","6"
"497","7"
"497","9"
"497","11"
"497","12"
"497","14"
"497","17"
"497","18"
"497","19"
"497","20"
"498","1"
"498","2"
"498","4"
"498","9"
"498","12"
"498","14"
"498","18"
"498","19"
"499","6"
"499","9"
"499","13"
"499","15"
"499","17"
"499","18"
"499","19"
"499","20"
"500","3"
"500","4"
"500","5"
"500","8"
"500","14"
"500","15"
"500","18"
"500","19"
"501","2"
"501","3"
"501","4"
"501","5"
"501","6"
"501","7"
"501","8"
"501","10"
"501","11"
"501","12"
"501","14"
"501","15"
"501","16"
"501","20"
"501","21"
"502","12"
"502","15"
"502","21"
"503","1"
"503","3"
"503","4"
"503","5"
"503","7"
"503","8"
"503","9"
"503","16"
"503","18"
"503","21"
"504","1"
"504","2"
"504","3"
"504","4"
"504","6"
"504","7"
"504","8"
"504","10"
"504","11"
"504","13"
"504","14"
"504","16"
"504","18"
"504","19"
"504","20"
"505","2"
"505","3"
"505","9"
"505","10"
"505","13"
"505","15"
"505","19"
"505","21"
"506","1"
"506","6"
"506","8"
"506","10"
"506","14"
"506","16"
"506","19"
"506","21"
"507","2"
"507","3"
"507","4"
"507","9"
"507","10"
"507","13"
"507","14"
"507","20"
"508","5"
"508","12"
"508","14"
"508","16"
"508","20"
"509","1"
"509","2"
"509","5"
"509","6"
"509","12"
"509","14"
"509","16"
"509","17"
"510","2"
"510","4"
"510","5"
"510","6"
"510","8"
"510","10"
"510","11"
"510","12"
"510","13"
"510","14"
"510","15"
"510","18"
"510","19"
"510","20"
"510","21"
"511","4"
"511","5"
"511","7"
"511","8"
"511","12"
"511","15"
"511","16"
"511","17"
"512","1"
"512","2"
"512","3"
"512","5"
"512","6"
"512","9"
"512","10"
"512","12"
"512","13"
"512","14"
"512","16"
"512","18"
"512","19"
"512","20"
"512","21"
"513","15"
"513","17"
"513","19"
"514","2"
"514","6"
"514","8"
"514","9"
"514","10"
"514","12"
"514","13"
"514","16"
"514","19"
"514","20"
"515","3"
"515","11"
"515","15"
"515","19"
"515","20"
"516","1"
"516","5"
"516","6"
"516","10"
"516","11"
"516","14"
"516","15"
"516","18"
"516","21"
"517","7"
"517","8"
"517","10"
"517","16"
"517","17"
"517","19"
"517","20"
"518","1"
"518","3"
"518","4"
"518","5"
"518","6"
"518","7"
"518","8"
"518","9"
"518","10"
"518","11"
"518","12"
"518","14"
"518","15"
"518","16"
"518","17"
"518","18"
"518","20"
"518","21"
"519","1"
"519","2"
"519","4"
"519","8"
"519","9"
"519","10"
"519","11"
"519","14"
"519","16"
"519","17"
"519","18"
"519","21"
"520","1"
"520","2"
"520","5"
"520","6"
"520","7"
"520","8"
"520","10"
"520","11"
"520","12"
"520","13"
"520","15"
"520","16"
"520","17"
"520","18"
"520","19"
"521","1"
"521","3"
"521","4"
"521","6"
"521","7"
"521","9"
"521","11"
"521","12"
"521","13"
"521","16"
"521","17"
"521","18"
"522","1"
"522","4"
"522","5"
"522","8"
"522","11"
"522","16"
"522","17"
"522","20"
"523","4"
"523","5"
"523","7"
"523","8"
"523","10"
"523","11"
"523","15"
"523","17"
"523","20"
"523","21"
"524","3"
"524","8"
"524","13"
"524","16"
"524","19"
"525","1"
"525","2"
"525","4"
"525","5"
"525","6"
"525","7"
"525","8"
"525","9"
"525","10"
"525","11"
"525","12"
"525","13"
"525","14"
"525","15"
"525","16"
"525","17"
"525","19"
"525","21"
"526","7"
"526","10"
"526","11"
"526","16"
"527","1"
"527","2"
"527","3"
"527","5"
"527","6"
"527","8"
"527","10"
"527","11"
"527","14"
"527","15"
"527","18"
"527","21"
"528","1"
"528","2"
"528","4"
"528","5"
"528","7"
"528","8"
"528","9"
"528","10"
"528","11"
"528","12"
"528","15"
"528","16"
"528","18"
"528","19"
"528","20"
"529","1"
"529","2"
"529","3"
"529","4"
"529","5"
"529","6"
"529","7"
"529","9"
"529","10"
"529","11"
"529","13"
"529","14"
"529","15"
"529","16"
"529","17"
"529","18"
"529","19"
"529","20"
"530","1"
"530","3"
"530","4"
"530","9"
"530","10"
"530","13"
"530","15"
"530","17"
"530","18"
"530","20"
"531","1"
"531","3"
"531","5"
"531","9"
"531","11"
"531","16"
"531","19"
"531","21"
"532","14"
"532","18"
"532","19"
"533","1"
"533","4"
"533","5"
"533","6"
"533","7"
"533","8"
"533","11"
"533","12"
"533","13"
"533","14"
"533","15"
"533","16"
"533","18"
"533","19"
"533","20"
"534","1"
"534","2"
"534","3"
"534","4"
"534","6"
"534","7"
"534","8"
"534","9"
"534","10"
"534","11"
"534","13"
"534","14"
"534","15"
"534","16"
"534","17"
"534","18"
"534","19"
"534","20"
"535","2"
"535","5"
"535","7"
"535","10"
"535","11"
"535","12"
"535","13"
"535","14"
"535","15"
"536","2"
"536","5"
"536","6"
"536","7"
"536","17"
"536","20"
"537","1"
"537","3"
"537","5"
"537","6"
"537","7"
"537","8"
"537","9"
"537","11"
"537","14"
"537","15"
"537","17"
"537","21"
"538","2"
"538","4"
"538","5"
"538","8"
"538","10"
"538","11"
"538","12"
"538","14"
"538","18"
"538","21"
"539","1"
"539","4"
"539","5"
"539","6"
"539","7"
"539","10"
"539","11"
"539","13"
"539","14"
"539","17"
"539","18"
"539","19"
"540","1"
"540","2"
"540","3"
"540","4"
"540","5"
"540","6"
"540","9"
"540","11"
"540","12"
"540","14"
"540","15"
"540","16"
"540","18"
"540","20"
"540","21"
"541","1"
"541","2"
"541","5"
"541","6"
"541","7"
"541","9"
"541","12"
"541","14"
"541","15"
"541","18"
"541","19"
"541","21"
"542","1"
"542","2"
"542","3"
"542","9"
"542","11"
"542","13"
"542","15"
"542","21"
"543","3"
"543","6"
"543","7"
"543","9"
"543","10"
"543","13"
"543","16"
"543","17"
"543","19"
"544","14"
"544","15"
"544","17"
"545","4"
"545","13"
"545","14"
"545","16"
"545","19"
"545","21"
"546","1"
"546","6"
"546","9"
"546","11"
"546","13"
"546","14"
"546","15"
"546","17"
"546","18"
"546","19"
"546","20"
"546","21"
"547","2"
"547","6"
"547","8"
"547","9"
"547","17"
"548","1"
"548","4"
"548","6"
"548","9"
"548","10"
"548","12"
"548","13"
"548","17"
"548","19"
"548","20"
"549","2"
"549","4"
"549","5"
"549","8"
"549","9"
"549","11"
"549","14"
"549","15"
"549","16"
"549","18"
"549","19"
"549","21"
"550","5"
"550","6"
"550","7"
"550","8"
"550","9"
"550","14"
"550","15"
"550","16"
"550","17"
"551","2"
"551","3"
"551","7"
"551","8"
"551","9"
"551","12"
"551","13"
"551","19"
"552","1"
"552","2"
"552","3"
"552","7"
"552","8"
"552","11"
"552","16"
"552","19"
"552","20"
"553","4"
"553","6"
"553","7"
"553","8"
"553","9"
"553","10"
"553","11"
"553","13"
"553","14"
"553","15"
"553","16"
"553","18"
"553","19"
"553","20"
"553","21"
"554","1"
"554","2"
"554","3"
"554","4"
"554","5"
"554","6"
"554","7"
"554","8"
"554","9"
"554","11"
"554","12"
"554","13"
"554","15"
"554","16"
"554","18"
"554","19"
"554","20"
"554","21"
"555","1"
"555","3"
"555","4"
"555","5"
"555","6"
"555","8"
"555","9"
"555","10"
"555","11"
"555","12"
"555","13"
"555","14"
"555","15"
"555","18"
"555","19"
"555","20"
"555","21"
"556","4"
"556","5"
"556","6"
"556","7"
"556","9"
"556","10"
"556","11"
"556","12"
"556","13"
"556","15"
"556","16"
"556","17"
"556","18"
"556","19"
"556","20"
"556","21"
"557","1"
"557","2"
"557","3"
"557","4"
"557","6"
"557","7"
"557","8"
"557","9"
"557","10"
"557","11"
"557","12"
"557","13"
"557","14"
"557","15"
"557","16"
"557","18"
"557","19"
"557","20"
"557","21"
"558","1"
"558","2"
"558","3"
"558","5"
"558","6"
"558","8"
"558","9"
"558","10"
"558","13"
"558","16"
"558","17"
"558","18"
"558","19"
"558","21"
"559","1"
"559","2"
"559","3"
"559","4"
"559","5"
"559","6"
"559","7"
"559","8"
"559","9"
"559","10"
"559","11"
"559","12"
"559","13"
"559","14"
"559","15"
"559","16"
"559","17"
"559","19"
"559","20"
"559","21"
"560","2"
"560","3"
"560","4"
"560","5"
"560","6"
"560","7"
"560","9"
"560","10"
"560","11"
"560","12"
"560","13"
"560","14"
"560","16"
"560","17"
"560","18"
"560","19"
"560","20"
"560","21"
"561","3"
"561","5"
"561","9"
"561","11"
"561","12"
"561","14"
"561","15"
"561","16"
"561","17"
"561","18"
"561","19"
"561","21"
"562","1"
"562","2"
"562","3"
"562","4"
"562","8"
"562","9"
"562","10"
"562","11"
"562","12"
"562","13"
"562","14"
"562","15"
"562","16"
"562","17"
"562","18"
"562","19"
"562","20"
"562","21"
"563","1"
"563","2"
"563","3"
"563","4"
"563","5"
"563","7"
"563","8"
"563","10"
"563","11"
"563","12"
"563","15"
"563","16"
"563","17"
"563","19"
"563","20"
"564","1"
"564","7"
"564","9"
"564","10"
"564","13"
"564","17"
"564","20"
"564","21"
"565","3"
"565","4"
"565","5"
"565","6"
"565","8"
"565","9"
"565","10"
"565","11"
"565","14"
"565","17"
"565","18"
"565","21"
"566","1"
"566","2"
"566","3"
"566","4"
"566","5"
"566","6"
"566","7"
"566","9"
"566","11"
"566","12"
"566","13"
"566","14"
"566","15"
"566","17"
"566","18"
"566","19"
"566","20"
"566","21"
"567","5"
"567","13"
"567","18"
"568","2"
"568","6"
"568","8"
"568","10"
"568","11"
"568","13"
"568","15"
"568","16"
"568","17"
"568","18"
"569","2"
"569","4"
"569","5"
"569","6"
"569","8"
"569","9"
"569","10"
"569","13"
"569","15"
"569","16"
"569","18"
"569","19"
"570","1"
"570","3"
"570","4"
"570","6"
"570","7"
"570","9"
"570","10"
"570","11"
"570","12"
"570","14"
"570","15"
"570","16"
"570","18"
"570","20"
"570","21"
"571","4"
"571","6"
"571","20"
"572","2"
"572","3"
"572","6"
"572","7"
"572","9"
"572","10"
"572","12"
"572","14"
"572","15"
"572","17"
"572","18"
"572","19"
"573","2"
"573","4"
"573","8"
"573","11"
"573","12"
"573","13"
"573","14"
"573","21"
"574","1"
"574","2"
"574","3"
"574","4"
"574","5"
"574","6"
"574","7"
"574","8"
"574","9"
"574","10"
"574","12"
"574","13"
"574","14"
"574","15"
"574","20"
"575","1"
"575","2"
"575","3"
"575","4"
"575","5"
"575","6"
"575","7"
"575","9"
"575","10"
"575","11"
"575","12"
"575","13"
"575","15"
"575","16"
"575","17"
"575","19"
"575","20"
"575","21"
"576","1"
"576","2"
"576","3"
"576","7"
"576","9"
"576","10"
"576","11"
"576","13"
"576","17"
"576","18"
"576","19"
"576","20"
"577","1"
"577","2"
"577","3"
"577","4"
"577","5"
"577","7"
"577","8"
"577","13"
"577","15"
"577","16"
"577","19"
"577","21"
"578","2"
"578","4"
"578","6"
"578","7"
"578","8"
"578","12"
"578","14"
"578","15"
"578","16"
"578","17"
"578","20"
"578","21"
"579","1"
"579","2"
"579","4"
"579","7"
"579","8"
"579","13"
"579","14"
"579","17"
"579","19"
"579","21"
"580","1"
"580","2"
"580","3"
"580","6"
"580","8"
"580","9"
"580","11"
"580","17"
"580","18"
"580","19"
"581","3"
"581","4"
"581","5"
"581","7"
"581","10"
"581","11"
"581","12"
"581","13"
"581","16"
"581","17"
"581","18"
"581","20"
"582","1"
"582","3"
"582","4"
"582","5"
"582","7"
"582","8"
"582","9"
"582","10"
"582","12"
"582","13"
"582","14"
"582","15"
"582","16"
"582","17"
"582","18"
"582","19"
"582","20"
"582","21"
"583","1"
"583","3"
"583","5"
"583","6"
"583","7"
"583","8"
"583","9"
"583","11"
"583","12"
"583","14"
"583","16"
"583","17"
"583","19"
"583","20"
"583","21"
"584","2"
"584","5"
"584","6"
"584","7"
"584","10"
"584","11"
"584","12"
"584","15"
"584","16"
"584","17"
"584","19"
"584","20"
"585","14"
"585","15"
"585","21"
"586","4"
"586","6"
"586","7"
"586","10"
"586","18"
"586","20"
"587","6"
"587","11"
"587","20"
"588","1"
"588","3"
"588","5"
"588","6"
"588","8"
"588","12"
"588","13"
"588","16"
"588","17"
"589","1"
"589","3"
"589","4"
"589","16"
"589","17"
"589","18"
"589","19"
"589","20"
"590","7"
"590","12"
"590","21"
"591","1"
"591","3"
"591","6"
"591","9"
"591","10"
"591","12"
"591","14"
"591","18"
"592","1"
"592","2"
"592","4"
"592","6"
"592","9"
"592","10"
"592","12"
"592","15"
"592","18"
"593","1"
"593","4"
"593","6"
"593","7"
"593","11"
"593","13"
"593","17"
"593","18"
"593","19"
"593","21"
"594","1"
"594","2"
"594","3"
"594","4"
"594","5"
"594","6"
"594","8"
"594","10"
"594","13"
"594","14"
"594","15"
"594","16"
"594","17"
"594","19"
"594","20"
"595","1"
"595","2"
"595","3"
"595","4"
"595","5"
"595","6"
"595","7"
"595","8"
"595","9"
"595","10"
"595","12"
"595","13"
"595","14"
"595","15"
"595","16"
"595","18"
"595","19"
"595","20"
"596","4"
"596","5"
"596","6"
"596","7"
"596","9"
"596","10"
"596","11"
"596","12"
"596","14"
"596","16"
"596","18"
"596","21"
"597","1"
"597","4"
"597","5"
"597","6"
"597","9"
"597","10"
"597","11"
"597","13"
"597","15"
"597","16"
"597","18"
"597","19"
"598","1"
"598","3"
"598","5"
"598","6"
"598","7"
"598","9"
"598","10"
"598","11"
"598","12"
"598","13"
"598","14"
"598","15"
"598","16"
"598","17"
"598","18"
"598","19"
"598","20"
"598","21"
"599","1"
"599","2"
"599","3"
"599","4"
"599","5"
"599","7"
"599","9"
"599","10"
"599","11"
"599","12"
"599","15"
"599","16"
"599","17"
"599","19"
"599","21"
"600","2"
"600","8"
"600","10"
"600","11"
"600","12"
"600","15"
"601","5"
"601","6"
"601","7"
"601","9"
"601","10"
"601","11"
"601","12"
"601","13"
"601","16"
"601","17"
"601","18"
"601","19"
"602","1"
"602","5"
"602","6"
"602","9"
"602","10"
"602","12"
"602","14"
"602","15"
"603","9"
"603","12"
"603","15"
"604","2"
"604","13"
"604","15"
"604","21"
"605","1"
"605","2"
"605","3"
"605","4"
"605","5"
"605","6"
"605","8"
"605","11"
"605","12"
"605","14"
"605","16"
"605","17"
"605","18"
"605","19"
"605","21"
"606","2"
"606","7"
"606","13"
"606","17"
"606","20"
"606","21"
"607","5"
"607","6"
"607","7"
"607","10"
"607","11"
"607","12"
"607","15"
"607","16"
"607","17"
"607","19"
"608","1"
"608","3"
"608","4"
"608","5"
"608","6"
"608","7"
"608","9"
"608","10"
"608","12"
"608","13"
"608","14"
"608","15"
"608","16"
"608","17"
"608","18"
"608","19"
"608","20"
"608","21"
"609","1"
"609","2"
"609","3"
"609","5"
"609","6"
"609","10"
"609","11"
"609","13"
"609","15"
"609","16"
"609","17"
"609","19"
"610","1"
"610","2"
"610","5"
"610","7"
"610","9"
"610","13"
"610","16"
"610","18"
"610","20"
"610","21"
"611","2"
"611","3"
"611","4"
"611","6"
"611","9"
"611","10"
"611","11"
"611","15"
"611","16"
"611","17"
"611","18"
"611","19"
"612","1"
"612","3"
"612","9"
"612","14"
"612","15"
"612","16"
"612","20"
"612","21"
"613","1"
"613","6"
"613","8"
"613","9"
"613","10"
"613","11"
"613","12"
"613","16"
"613","18"
"614","7"
"614","9"
"614","13"
"615","4"
"615","7"
"615","8"
"615","9"
"615","12"
"615","14"
"615","18"
"615","19"
"615","20"
"615","21"
"616","3"
"616","6"
"616","9"
"616","11"
"616","13"
"616","14"
"616","18"
"617","1"
"617","5"
"617","6"
"617","8"
"617","9"
"617","10"
"617","12"
"617","15"
"617","16"
"617","17"
"617","18"
"617","19"
"618","1"
"618","3"
"618","7"
"618","8"
"618","9"
"618","10"
"618","11"
"618","12"
"618","14"
"618","15"
"618","16"
"618","17"
"618","18"
"618","19"
"618","21"
"619","1"
"619","2"
"619","3"
"619","4"
"619","5"
"619","6"
"619","9"
"619","10"
"619","12"
"619","13"
"619","14"
"619","15"
"619","16"
"619","17"
"619","18"
"619","19"
"619","20"
"619","21"
"620","11"
"620","17"
"620","19"
"620","20"
"621","1"
"621","2"
"621","4"
"621","5"
"621","6"
"621","7"
"621","8"
"621","9"
"621","10"
"621","11"
"621","12"
"621","13"
"621","14"
"621","16"
"621","20"
"622","1"
"622","4"
"622","6"
"622","7"
"622","8"
"622","9"
"622","11"
"622","12"
"622","13"
"622","15"
"622","16"
"622","18"
"623","1"
"623","2"
"623","3"
"623","4"
"623","5"
"623","7"
"623","8"
"623","9"
"623","10"
"623","12"
"623","13"
"623","14"
"623","15"
"623","16"
"623","18"
"623","19"
"623","20"
"623","21"
"624","5"
"624","9"
"624","11"
"624","13"
"624","14"
"624","15"
"624","17"
"624","20"
"625","1"
"625","2"
"625","4"
"625","5"
"625","6"
"625","7"
"625","8"
"625","9"
"625","11"
"625","12"
"625","13"
"625","14"
"625","15"
"625","16"
"625","17"
"625","18"
"625","19"
"625","20"
"626","12"
"626","15"
"626","18"
"627","1"
"627","3"
"627","9"
"627","10"
"627","11"
"627","20"
"628","4"
"628","6"
"628","10"
"628","12"
"629","2"
"629","4"
"629","5"
"629","8"
"629","20"
"630","1"
"630","3"
"630","5"
"630","7"
"630","12"
"631","2"
"631","5"
"631","9"
"631","12"
"631","13"
"631","16"
"631","18"
"631","20"
"632","6"
"632","7"
"632","8"
"632","12"
"632","16"
"632","18"
"633","9"
"633","11"
"633","15"
"633","16"
"634","3"
"634","4"
"634","9"
"634","11"
"634","15"
"634","18"
"634","19"
"634","20"
"635","3"
"635","10"
"635","11"
"635","12"
"635","16"
"635","17"
"636","2"
"636","3"
"636","5"
"636","6"
"636","7"
"636","10"
"636","12"
"636","13"
"636","14"
"636","15"
"636","16"
"636","18"
"636","19"
"636","20"
"636","21"
"637","2"
"637","3"
"637","4"
"637","5"
"637","6"
"637","7"
"637","8"
"637","9"
"637","10"
"637","12"
"637","14"
"637","15"
"637","16"
"637","17"
"637","18"
"637","19"
"637","20"
"637","21"
"638","3"
"638","4"
"638","6"
"638","7"
"638","10"
"638","11"
"638","12"
"638","15"
"638","16"
"638","19"
"638","20"
"638","21"
"639","1"
"639","2"
"639","3"
"639","4"
"639","5"
"639","6"
"639","7"
"639","8"
"639","9"
"639","10"
"639","12"
"639","13"
"639","16"
"639","17"
"639","18"
"639","19"
"639","20"
"639","21"
"640","1"
"640","4"
"640","6"
"640","7"
"640","9"
"640","10"
"640","11"
"640","12"
"640","14"
"640","16"
"640","17"
"640","18"
"640","19"
"640","20"
"640","21"
"641","2"
"641","3"
"641","5"
"641","6"
"641","10"
"641","12"
"641","13"
"641","15"
"641","16"
"641","17"
"641","19"
"641","21"
"642","9"
"642","14"
"642","18"
"643","11"
"643","15"
"644","1"
"644","9"
"644","13"
"644","20"
"645","4"
"645","5"
"645","13"
"645","19"
"646","1"
"646","2"
"646","3"
"646","4"
"646","6"
"646","7"
"646","10"
"646","12"
"646","14"
"646","15"
"646","16"
"646","18"
"646","19"
"646","20"
"646","21"
"647","1"
"647","2"
"647","3"
"647","4"
"647","5"
"647","7"
"647","8"
"647","9"
"647","10"
"647","12"
"647","14"
"647","15"
"647","16"
"647","17"
"647","18"
"647","19"
"647","20"
"647","21"
"648","2"
"648","4"
"648","5"
"648","6"
"648","7"
"648","8"
"648","12"
"648","13"
"648","16"
"648","17"
"648","18"
"648","20"
"649","1"
"649","3"
"649","8"
"649","12"
"649","15"
"649","18"
"649","19"
"649","21"
"650","1"
"650","3"
"650","4"
"650","6"
"650","7"
"650","12"
"650","15"
"650","16"
"650","17"
"650","21"
"651","5"
"651","8"
"651","9"
"651","10"
"651","12"
"651","15"
"651","20"
"651","21"
"652","4"
"652","9"
"652","13"
"653","3"
"653","4"
"653","8"
"653","9"
"653","10"
"653","11"
"653","15"
"653","17"
"653","18"
"654","2"
"654","3"
"654","5"
"654","7"
"654","12"
"654","17"
"654","20"
"655","2"
"655","5"
"655","7"
"655","11"
"655","12"
"655","13"
"655","20"
"655","21"
"656","2"
"656","3"
"656","6"
"656","7"
"656","11"
"656","12"
"656","13"
"656","15"
"656","17"
"656","18"
"656","20"
"656","21"
"657","5"
"657","6"
"657","8"
"657","17"
"657","20"
"658","2"
"658","3"
"658","4"
"658","5"
"658","6"
"658","7"
"658","8"
"658","9"
"658","10"
"658","11"
"658","16"
"658","18"
"658","19"
"658","20"
"658","21"
"659","1"
"659","2"
"659","3"
"659","4"
"659","6"
"659","7"
"659","8"
"659","10"
"659","11"
"659","12"
"659","13"
"659","14"
"659","15"
"659","16"
"659","18"
"659","19"
"659","20"
"659","21"
"660","3"
"660","5"
"660","10"
"660","12"
"660","13"
"660","20"
"661","1"
"661","4"
"661","5"
"661","7"
"661","8"
"661","9"
"661","11"
"661","12"
"661","13"
"661","14"
"661","17"
"661","18"
"661","19"
"661","20"
"661","21"
"662","4"
"662","9"
"662","11"
"662","16"
"662","17"
"662","19"
"662","20"
"662","21"
"663","3"
"663","4"
"663","9"
"663","11"
"663","12"
"663","13"
"663","14"
"663","15"
"663","20"
"664","2"
"664","5"
"664","10"
"664","11"
"664","13"
"664","16"
"664","18"
"664","19"
"664","20"
"664","21"
"665","1"
"665","3"
"665","4"
"665","6"
"665","7"
"665","8"
"665","10"
"665","11"
"665","12"
"665","13"
"665","14"
"665","15"
"665","16"
"665","17"
"665","18"
"665","19"
"665","20"
"665","21"
"666","1"
"666","2"
"666","3"
"666","4"
"666","5"
"666","8"
"666","10"
"666","11"
"666","13"
"666","14"
"666","15"
"666","16"
"666","17"
"666","18"
"666","19"
"666","20"
"666","21"
"667","1"
"667","2"
"667","4"
"667","6"
"667","7"
"667","8"
"667","9"
"667","10"
"667","11"
"667","12"
"667","13"
"667","14"
"667","15"
"667","16"
"667","17"
"667","18"
"667","19"
"667","20"
"667","21"
"668","1"
"668","3"
"668","4"
"668","5"
"668","7"
"668","8"
"668","9"
"668","10"
"668","11"
"668","12"
"668","13"
"668","14"
"668","15"
"668","16"
"668","18"
"668","20"
"669","1"
"669","4"
"669","5"
"669","6"
"669","8"
"669","9"
"669","10"
"669","11"
"669","12"
"669","13"
"669","16"
"669","18"
"669","19"
"669","20"
"670","3"
"670","4"
"670","12"
"671","2"
"671","3"
"671","5"
"671","6"
"671","7"
"671","8"
"671","11"
"671","13"
"671","14"
"671","16"
"671","20"
"671","21"
"672","3"
"672","4"
"672","6"
"672","7"
"672","16"
"672","19"
"672","20"
"672","21"
"673","1"
"673","2"
"673","17"
"674","2"
"674","4"
"674","6"
"674","9"
"674","10"
"674","16"
"674","18"
"674","20"
"674","21"
"675","3"
"675","8"
"675","9"
"675","14"
"675","20"
"675","21"
"676","1"
"676","3"
"676","7"
"676","8"
"676","11"
"676","15"
"676","17"
"676","19"
"676","21"
"677","1"
"677","2"
"677","4"
"677","5"
"677","7"
"677","8"
"677","9"
"677","10"
"677","11"
"677","12"
"677","13"
"677","15"
"677","16"
"677","17"
"677","18"
"677","19"
"677","20"
"677","21"
"678","4"
"678","8"
"678","11"
"678","13"
"678","14"
"678","15"
"678","17"
"678","20"
"678","21"
"679","2"
"679","4"
"679","6"
"679","10"
"679","13"
"679","16"
"679","17"
"679","18"
"680","12"
"680","13"
"681","1"
"681","2"
"681","3"
"681","7"
"681","8"
"681","10"
"681","12"
"681","13"
"681","15"
"681","18"
"681","19"
"681","21"
"682","1"
"682","2"
"682","3"
"682","5"
"682","6"
"682","11"
"682","12"
"682","18"
"683","1"
"683","2"
"683","3"
"683","4"
"683","5"
"683","6"
"683","8"
"683","9"
"683","10"
"683","12"
"683","15"
"683","16"
"683","17"
"683","19"
"683","20"
"684","1"
"684","2"
"684","3"
"684","6"
"684","7"
"684","8"
"684","14"
"684","15"
"684","16"
"684","17"
"684","19"
"684","21"
"685","1"
"685","6"
"685","8"
"685","13"
"685","15"
"685","19"
"686","1"
"686","6"
"686","9"
"686","10"
"686","12"
"686","14"
"686","17"
"686","20"
"687","3"
"687","8"
"687","10"
"687","14"
"688","2"
"688","3"
"688","4"
"688","5"
"688","7"
"688","10"
"688","11"
"688","12"
"688","14"
"688","16"
"688","18"
"688","19"
"689","5"
"689","6"
"689","10"
"689","12"
"689","13"
"689","20"
"690","1"
"690","8"
"690","19"
"691","3"
"691","5"
"691","6"
"691","11"
"691","12"
"691","14"
"691","15"
"691","18"
"692","1"
"692","2"
"692","8"
"692","9"
"692","13"
"692","15"
"692","17"
"692","20"
"692","21"
"693","1"
"693","2"
"693","3"
"693","5"
"693","6"
"693","7"
"693","8"
"693","10"
"693","12"
"693","14"
"693","16"
"693","19"
"693","20"
"693","21"
"694","1"
"694","5"
"694","7"
"694","9"
"694","14"
"694","15"
"694","20"
"695","1"
"695","3"
"695","20"
"696","5"
"696","6"
"696","8"
"696","9"
"696","14"
"696","17"
"696","18"
"696","20"
"697","1"
"697","2"
"697","3"
"697","4"
"697","6"
"697","7"
"697","8"
"697","9"
"697","11"
"697","12"
"697","13"
"697","14"
"697","15"
"697","16"
"697","17"
"697","18"
"697","19"
"697","21"
"698","1"
"698","2"
"698","4"
"698","5"
"698","6"
"698","7"
"698","9"
"698","13"
"698","14"
"698","15"
"698","16"
"698","17"
"698","19"
"698","20"
"698","21"
"699","1"
"699","5"
"699","6"
"699","7"
"699","8"
"699","10"
"699","13"
"699","15"
"699","16"
"699","18"
"699","19"
"699","20"
"700","1"
"700","8"
"700","9"
"700","11"
"700","12"
"700","16"
"700","17"
"700","19"
"700","20"
"700","21"
"701","1"
"701","2"
"701","6"
"701","7"
"701","9"
"701","13"
"701","18"
"701","21"
"702","1"
"702","2"
"702","3"
"702","4"
"702","5"
"702","6"
"702","7"
"702","8"
"702","9"
"702","10"
"702","11"
"702","12"
"702","13"
"702","14"
"702","17"
"702","18"
"702","20"
"702","21"
"703","1"
"703","2"
"703","3"
"703","6"
"703","9"
"703","11"
"703","13"
"703","18"
"703","20"
"704","3"
"704","13"
"704","16"
"704","18"
"705","4"
"705","6"
"705","7"
"705","8"
"705","11"
"705","18"
"706","2"
"706","5"
"706","6"
"706","8"
"706","10"
"706","11"
"706","14"
"706","15"
"706","19"
"706","21"
"707","1"
"707","2"
"707","7"
"707","8"
"707","12"
"707","14"
"707","15"
"707","16"
"707","17"
"707","18"
"707","20"
"707","21"
"708","1"
"708","5"
"708","21"
"709","3"
"709","5"
"709","6"
"709","9"
"709","15"
"709","16"
"709","17"
"709","21"
"710","3"
"710","6"
"710","8"
"710","9"
"710","11"
"710","12"
"710","13"
"710","14"
"710","15"
"710","16"
"711","1"
"711","2"
"711","4"
"711","6"
"711","7"
"711","10"
"711","11"
"711","15"
"711","17"
"711","20"
"712","1"
"712","3"
"712","4"
"712","5"
"712","6"
"712","7"
"712","8"
"712","9"
"712","10"
"712","11"
"712","14"
"712","15"
"712","16"
"712","17"
"712","21"
"713","1"
"713","10"
"713","14"
"713","15"
"713","18"
"714","11"
"714","12"
"714","17"
"715","1"
"715","2"
"715","3"
"715","4"
"715","11"
"715","15"
"715","16"
"715","21"
"716","1"
"716","2"
"716","4"
"716","5"
"716","7"
"716","8"
"716","10"
"716","11"
"716","13"
"716","14"
"716","15"
"716","18"
"717","1"
"717","2"
"717","3"
"717","4"
"717","6"
"717","9"
"717","11"
"717","14"
"717","15"
"718","2"
"718","4"
"718","5"
"718","6"
"718","7"
"718","8"
"718","11"
"718","12"
"718","13"
"718","17"
"718","19"
"719","1"
"719","15"
"719","16"
"719","21"
"720","1"
"720","4"
"720","6"
"720","11"
"720","14"
"720","18"
"721","1"
"721","5"
"721","7"
"721","9"
"721","10"
"721","11"
"721","13"
"721","14"
"721","15"
"721","16"
"721","18"
"721","20"
"722","2"
"722","3"
"722","4"
"722","6"
"722","7"
"722","8"
"722","10"
"722","12"
"722","13"
"722","14"
"722","16"
"722","18"
"722","19"
"722","20"
"723","1"
"723","3"
"723","4"
"723","5"
"723","6"
"723","7"
"723","19"
"723","21"
"724","1"
"724","2"
"724","3"
"724","4"
"724","5"
"724","6"
"724","9"
"724","10"
"724","12"
"724","13"
"724","15"
"724","17"
"724","18"
"724","19"
"724","20"
"724","21"
"725","2"
"725","4"
"725","6"
"725","9"
"725","10"
"725","11"
"725","17"
"725","20"
"725","21"
"726","2"
"726","3"
"726","5"
"726","9"
"726","10"
"726","11"
"726","14"
"726","16"
"726","17"
"726","21"
"727","1"
"727","2"
"727","3"
"727","5"
"727","6"
"727","7"
"727","8"
"727","9"
"727","10"
"727","12"
"727","13"
"727","14"
"727","15"
"727","16"
"727","17"
"727","18"
"727","19"
"727","20"
"728","1"
"728","4"
"728","7"
"728","11"
"728","15"
"728","16"
"728","17"
"728","18"
"728","19"
"728","20"
"728","21"
"729","1"
"729","12"
"729","20"
"730","1"
"730","3"
"730","4"
"730","6"
"730","7"
"730","8"
"730","9"
"730","10"
"730","11"
"730","13"
"730","15"
"730","17"
"730","18"
"730","19"
"730","21"
"731","8"
"731","11"
"731","17"
"732","2"
"732","3"
"732","4"
"732","5"
"732","6"
"732","7"
"732","8"
"732","9"
"732","10"
"732","11"
"732","15"
"732","16"
"732","17"
"732","19"
"732","20"
"733","1"
"733","13"
"733","14"
"733","18"
"733","20"
"734","5"
"734","17"
"735","1"
"735","5"
"735","6"
"735","8"
"735","9"
"735","11"
"735","13"
"735","15"
"735","16"
"735","17"
"735","18"
"735","20"
"736","2"
"736","6"
"736","10"
"736","19"
"736","20"
"737","1"
"737","2"
"737","6"
"737","8"
"737","9"
"737","10"
"737","11"
"737","12"
"737","13"
"737","14"
"737","15"
"737","17"
"737","19"
"737","20"
"737","21"
"738","1"
"738","2"
"738","8"
"738","9"
"738","11"
"738","13"
"738","15"
"738","18"
"739","3"
"739","5"
"739","6"
"739","17"
"739","20"
"740","4"
"740","7"
"740","8"
"740","9"
"740","10"
"740","11"
"740","15"
"740","17"
"740","18"
"740","19"
"741","2"
"741","3"
"741","7"
"741","9"
"741","11"
"741","12"
"741","13"
"741","14"
"741","17"
"741","18"
"741","19"
"741","20"
"742","2"
"742","3"
"742","4"
"742","5"
"742","6"
"742","7"
"742","8"
"742","9"
"742","10"
"742","12"
"742","13"
"742","14"
"742","15"
"742","16"
"742","17"
"742","19"
"742","20"
"742","21"
"743","5"
"743","7"
"743","8"
"743","9"
"743","10"
"743","13"
"743","15"
"743","16"
"744","1"
"744","2"
"744","7"
"744","8"
"744","9"
"744","11"
"744","16"
"744","20"
"744","21"
"745","1"
"745","3"
"745","4"
"745","5"
"745","6"
"745","7"
"745","8"
"745","10"
"745","11"
"745","12"
"745","13"
"745","15"
"745","16"
"745","18"
"745","20"
"746","1"
"746","5"
"746","6"
"746","8"
"746","9"
"746","12"
"746","13"
"746","17"
"746","20"
"746","21"
"747","1"
"747","2"
"747","5"
"747","6"
"747","8"
"747","10"
"747","11"
"747","14"
"747","16"
"747","17"
"747","19"
"747","20"
"748","1"
"748","2"
"748","3"
"748","4"
"748","5"
"748","6"
"748","7"
"748","8"
"748","9"
"748","10"
"748","11"
"748","12"
"748","13"
"748","14"
"748","16"
"748","17"
"748","18"
"748","20"
"749","2"
"749","5"
"749","13"
"749","14"
"749","21"
"750","1"
"750","2"
"750","3"
"750","4"
"750","6"
"750","7"
"750","9"
"750","12"
"750","14"
"750","15"
"750","16"
"750","17"
"750","19"
"750","20"
"750","21"
"751","4"
"751","8"
"751","21"
"752","1"
"752","2"
"752","3"
"752","4"
"752","5"
"752","6"
"752","7"
"752","11"
"752","12"
"752","14"
"752","16"
"752","17"
"752","18"
"752","19"
"752","21"
"753","2"
"753","3"
"753","4"
"753","5"
"753","7"
"753","9"
"753","16"
"753","18"
"753","20"
"753","21"
"754","1"
"754","2"
"754","6"
"754","9"
"754","10"
"754","13"
"754","14"
"754","15"
"754","16"
"754","17"
"754","19"
"754","21"
"755","1"
"755","6"
"755","7"
"755","9"
"755","10"
"755","13"
"755","17"
"755","21"
"756","11"
"756","12"
"756","13"
"756","15"
"756","17"
"756","20"
"757","1"
"757","3"
"757","10"
"757","13"
"757","18"
"758","1"
"758","2"
"758","3"
"758","4"
"758","5"
"758","9"
"758","10"
"758","11"
"758","12"
"758","13"
"758","14"
"758","15"
"758","16"
"758","17"
"758","18"
"758","19"
"758","20"
"758","21"
"759","1"
"759","2"
"759","3"
"759","4"
"759","5"
"759","10"
"759","11"
"759","12"
"759","15"
"759","16"
"759","18"
"759","19"
"760","7"
"760","18"
"761","10"
"761","12"
"761","14"
"761","16"
"761","21"
"762","2"
"762","3"
"762","5"
"762","7"
"762","9"
"762","10"
"762","13"
"762","14"
"762","15"
"762","17"
"762","19"
"762","20"
"763","4"
"763","10"
"763","15"
"763","17"
"763","19"
"764","1"
"764","3"
"764","5"
"764","6"
"764","7"
"764","8"
"764","9"
"764","10"
"764","12"
"764","14"
"764","15"
"764","17"
"764","18"
"764","19"
"764","20"
"765","5"
"765","11"
"765","17"
"766","5"
"766","14"
"767","1"
"767","2"
"767","4"
"767","5"
"767","7"
"767","9"
"767","14"
"767","18"
"767","20"
"767","21"
"768","3"
"768","5"
"768","8"
"768","11"
"768","17"
"769","2"
"769","7"
"769","9"
"769","10"
"769","14"
"769","17"
"769","19"
"769","20"
"770","7"
"770","10"
"770","14"
"770","18"
"771","1"
"771","4"
"771","5"
"771","6"
"771","8"
"771","10"
"771","11"
"771","12"
"771","13"
"771","17"
"771","18"
"771","19"
"772","12"
"772","17"
"772","20"
"773","1"
"773","2"
"773","3"
"773","4"
"773","5"
"773","7"
"773","8"
"773","10"
"773","11"
"773","12"
"773","13"
"773","16"
"773","17"
"773","18"
"773","20"
"774","5"
"774","6"
"774","7"
"774","9"
"774","13"
"774","15"
"774","17"
"774","19"
"775","6"
"775","14"
"776","1"
"776","2"
"776","11"
"776","12"
"776","20"
"777","1"
"777","4"
"777","5"
"777","6"
"777","9"
"777","11"
"777","12"
"777","16"
"777","17"
"777","19"
"778","4"
"778","5"
"778","11"
"778","16"
"779","1"
"779","2"
"779","3"
"779","4"
"779","5"
"779","7"
"779","8"
"779","9"
"779","10"
"779","11"
"779","13"
"779","14"
"779","16"
"779","17"
"779","18"
"779","19"
"779","20"
"779","21"
"780","2"
"780","3"
"780","4"
"780","6"
"780","7"
"780","8"
"780","10"
"780","11"
"780","14"
"780","15"
"780","17"
"780","20"
"781","4"
"781","6"
"781","7"
"781","13"
"781","16"
"782","1"
"782","2"
"782","3"
"782","4"
"782","5"
"782","9"
"782","11"
"782","13"
"782","15"
"782","16"
"782","17"
"782","18"
"783","16"
"783","21"
"784","21"
"785","1"
"785","6"
"785","7"
"785","11"
"785","12"
"785","16"
"785","17"
"785","18"
"785","19"
"785","20"
"786","1"
"786","3"
"786","6"
"786","7"
"786","8"
"786","14"
"786","16"
"786","21"
"787","1"
"787","2"
"787","4"
"787","11"
"787","16"
"787","18"
"788","1"
"788","2"
"788","4"
"788","6"
"788","7"
"788","8"
"788","9"
"788","10"
"788","11"
"788","14"
"788","16"
"788","18"
"788","19"
"788","20"
"788","21"
"789","6"
"789","7"
"789","8"
"789","10"
"789","11"
"789","12"
"789","13"
"789","14"
"789","15"
"789","16"
"789","17"
"789","19"
"790","5"
"790","9"
"790","14"
"790","15"
"790","19"
"791","7"
"791","11"
"791","13"
"791","14"
"791","16"
"791","17"
"791","18"
"791","20"
"792","1"
"792","2"
"792","3"
"792","5"
"792","6"
"792","10"
"792","11"
"792","17"
"792","18"
"793","4"
"793","5"
"793","7"
"793","8"
"793","10"
"793","11"
"793","13"
"793","14"
"793","16"
"793","20"
"794","1"
"794","2"
"794","3"
"794","4"
"794","5"
"794","6"
"794","7"
"794","8"
"794","9"
"794","10"
"794","12"
"794","15"
"794","16"
"794","17"
"794","18"
"794","19"
"794","20"
"794","21"
"795","1"
"795","2"
"795","4"
"795","5"
"795","7"
"795","8"
"795","9"
"795","10"
"795","11"
"795","13"
"795","15"
"795","16"
"795","19"
"795","20"
"795","21"
"796","4"
"796","5"
"796","15"
"796","19"
"796","20"
"796","21"
"797","1"
"797","3"
"797","6"
"797","8"
"797","10"
"797","12"
"797","14"
"797","15"
"797","16"
"797","17"
"797","19"
"797","21"
"798","3"
"798","5"
"798","11"
"798","14"
"798","15"
"798","17"
"798","19"
"798","21"
"799","2"
"799","3"
"799","4"
"799","6"
"799","10"
"799","11"
"799","16"
"799","19"
"799","20"
"799","21"
"800","2"
"800","3"
"800","4"
"800","5"
"800","7"
"800","10"
"800","11"
"800","12"
"800","13"
"800","14"
"800","20"
"800","21"
"801","2"
"801","4"
"801","7"
"801","8"
"801","9"
"801","10"
"801","13"
"801","14"
"802","1"
"802","2"
"802","3"
"802","4"
"802","5"
"802","7"
"802","9"
"802","10"
"802","12"
"802","13"
"802","14"
"802","15"
"802","16"
"802","17"
"802","18"
"802","19"
"802","20"
"802","21"
"803","1"
"803","3"
"803","4"
"803","5"
"803","7"
"803","8"
"803","9"
"803","11"
"803","13"
"803","14"
"803","15"
"803","17"
"803","18"
"803","19"
"803","21"
"804","1"
"804","2"
"804","3"
"804","4"
"804","5"
"804","6"
"804","7"
"804","8"
"804","10"
"804","11"
"804","12"
"804","13"
"804","14"
"804","15"
"804","16"
"804","17"
"804","20"
"804","21"
"805","1"
"805","2"
"805","3"
"805","5"
"805","6"
"805","8"
"805","9"
"805","10"
"805","11"
"805","12"
"805","13"
"805","14"
"805","15"
"805","17"
"805","18"
"805","19"
"805","20"
"805","21"
"806","1"
"806","2"
"806","3"
"806","5"
"806","6"
"806","7"
"806","8"
"806","9"
"806","10"
"806","11"
"806","12"
"806","13"
"806","14"
"806","15"
"806","16"
"806","18"
"806","19"
"806","20"
"807","1"
"807","2"
"807","3"
"807","4"
"807","5"
"807","6"
"807","7"
"807","9"
"807","11"
"807","12"
"807","13"
"807","14"
"807","15"
"807","16"
"807","17"
"807","18"
"807","19"
"807","21"
"808","1"
"808","3"
"808","4"
"808","5"
"808","6"
"808","7"
"808","8"
"808","9"
"808","10"
"808","11"
"808","12"
"808","14"
"808","15"
"808","16"
"808","17"
"808","18"
"808","20"
"808","21"
"809","6"
"809","13"
"809","18"
"809","19"
"810","8"
"810","16"
"810","18"
"811","1"
"811","4"
"811","5"
"811","6"
"811","7"
"811","11"
"811","12"
"811","13"
"811","14"
"811","16"
"811","17"
"811","18"
"811","19"
"811","20"
"811","21"
"812","2"
"812","5"
"812","13"
"813","1"
"813","5"
"813","6"
"813","9"
"813","15"
"813","17"
"813","18"
"813","20"
"814","2"
"814","9"
"814","10"
"814","11"
"814","13"
"814","14"
"814","18"
"814","21"
"815","1"
"815","2"
"815","3"
"815","4"
"815","7"
"815","8"
"815","9"
"815","10"
"815","11"
"815","13"
"815","15"
"815","17"
"815","18"
"815","20"
"815","21"
"816","1"
"816","3"
"816","4"
"816","5"
"816","6"
"816","8"
"816","9"
"816","10"
"816","11"
"816","15"
"816","17"
"816","18"
"816","19"
"816","20"
"816","21"
"817","2"
"817","3"
"817","4"
"817","5"
"817","6"
"817","7"
"817","8"
"817","9"
"817","10"
"817","12"
"817","13"
"817","15"
"817","18"
"817","19"
"817","20"
"818","1"
"818","2"
"818","3"
"818","4"
"818","6"
"818","7"
"818","8"
"818","10"
"818","13"
"818","14"
"818","16"
"818","18"
"818","19"
"818","20"
"818","21"
"819","3"
"819","5"
"819","10"
"819","11"
"819","18"
"820","1"
"820","5"
"820","7"
"820","8"
"820","9"
"820","10"
"820","12"
"820","13"
"820","15"
"820","16"
"820","17"
"820","18"
"820","19"
"820","20"
"820","21"
"821","1"
"821","2"
"821","4"
"821","6"
"821","7"
"821","8"
"821","10"
"821","13"
"821","14"
"821","15"
"821","17"
"821","19"
"822","1"
"822","2"
"822","3"
"822","4"
"822","5"
"822","7"
"822","9"
"822","10"
"822","11"
"822","12"
"822","13"
"822","14"
"822","15"
"822","16"
"822","17"
"822","18"
"822","19"
"822","20"
"823","10"
"823","11"
"823","20"
"824","2"
"824","7"
"824","8"
"824","14"
"824","15"
"824","17"
"824","19"
"824","20"
"825","1"
"825","2"
"825","4"
"825","6"
"825","7"
"825","8"
"825","9"
"825","12"
"825","13"
"825","14"
"825","15"
"825","16"
"825","17"
"825","18"
"825","19"
"826","2"
"826","3"
"826","4"
"826","5"
"826","8"
"826","10"
"826","11"
"826","13"
"826","14"
"826","17"
"826","18"
"826","19"
"827","1"
"827","2"
"827","4"
"827","5"
"827","11"
"827","12"
"827","13"
"827","14"
"827","17"
"827","20"
"828","2"
"828","3"
"828","5"
"828","6"
"828","7"
"828","8"
"828","9"
"828","10"
"828","11"
"828","12"
"828","13"
"828","14"
"828","15"
"828","17"
"828","18"
"828","19"
"828","20"
"828","21"
"829","1"
"829","4"
"829","5"
"829","6"
"829","9"
"829","10"
"829","13"
"829","14"
"829","16"
"829","17"
"829","19"
"829","21"
"830","2"
"830","3"
"830","4"
"830","7"
"830","8"
"830","9"
"830","10"
"830","11"
"830","13"
"830","14"
"830","15"
"830","18"
"830","19"
"830","20"
"830","21"
"831","4"
"831","6"
"831","7"
"831","8"
"831","9"
"831","11"
"831","14"
"831","16"
"831","17"
"831","18"
"831","19"
"831","20"
"832","1"
"832","5"
"832","7"
"832","9"
"832","11"
"832","16"
"832","17"
"832","18"
"833","12"
"833","16"
"833","18"
